DATASET,ID,curated_smiles,PC1,PC2,PC3
DiaNat-DB,DiaNatDB-1,O=C(O)C1=C[C@@H](O)[C@@H](O)[C@H](O)C1,-0.7265054962486319,-1.5745554733956848,-0.7579826565244725
DiaNat-DB,DiaNatDB-10,C=C(C)[C@@H]1CC[C@]2(C)CC[C@]3(C)[C@H](CC[C@@H]4[C@@]5(C)CC[C@H](O)C(C)(C)[C@@H]5CC[C@]43C)[C@@H]12,-2.36532886620022,1.4535959662220015,-0.4246665769973375
DiaNat-DB,DiaNatDB-100,C=C(CC[C@@H](C)[C@H]1CC[C@@]2(C)C3CC[C@H]4C(C)(C)[C@@H](O)CC[C@@]45C[C@@]35CC[C@]12C)C(C)C,-2.184376157706713,2.1063284055768263,-0.0946538172030043
DiaNat-DB,DiaNatDB-101,Cc1ccc2c(c1)C(=O)CCO2,-2.4649264622288642,-0.6016072033178826,-0.8010817223145615
DiaNat-DB,DiaNatDB-102,CC(=O)c1ccccc1,-2.743548305816815,-0.5452285835011353,-0.7505295494568096
DiaNat-DB,DiaNatDB-103,C=C(C)C(O)Cc1c(O)c(C(=O)C(C)CC)c(O)c2c1oc1c(C(=O)C(C)CC)c(O)c(CC=C(C)C)c(O)c12,1.0320989223490393,2.323336737576015,0.43374497313059
DiaNat-DB,DiaNatDB-104,COC(=O)C1=CO[C@@H](C)[C@H]2CN3CCc4c([nH]c5ccccc45)[C@@H]3C[C@H]12,-1.9018971468217318,-0.8636353828643721,2.7816091600398973
DiaNat-DB,DiaNatDB-105,CCC1C2CC3C4N(C)c5ccccc5C45CC(C2C5O)N3C1O,-1.8481045534244396,-1.3381557032859188,2.7457400677685455
DiaNat-DB,DiaNatDB-106,C=CCS[S+]([O-])CC=C,-2.341774320486492,0.023284797910071833,-0.40487490275575705
DiaNat-DB,DiaNatDB-107,OC[C@H]1N[C@H](CO)[C@@H](O)C(O)[C@H]1O,-0.1388936033805765,-2.513551670186974,0.9838244162940013
DiaNat-DB,DiaNatDB-108,C=C1CCC2C(C)(CO)C(O)CC[C@@]2(C)[C@@H]1C/C=C1/C(=O)OCC1O,-0.6147455339048661,-0.08628625573111501,-0.42155730719278733
DiaNat-DB,DiaNatDB-109,COC(=O)C1=CCCN(C)C1,-2.4075586033125154,-1.3359494162191812,0.9199870986703093
DiaNat-DB,DiaNatDB-11,CC1=CC(=O)C(C(C)C)=CC1=O,-2.351680039177297,-0.5412929641872658,-0.7233053662576318
DiaNat-DB,DiaNatDB-110,C=C[C@@](C)(/C=C/c1ccc(O)cc1)CCC=C(C)C,-2.3134208816023105,1.149821316604424,-0.20047312357189515
DiaNat-DB,DiaNatDB-111,CC1(C)CC[C@]2(C(=O)O)CC[C@]3(C)C(=CC[C@@H]4[C@@]5(C)C[C@H](O)[C@H](O)[C@@](C)(CO)C5=CC[C@]43C)[C@@H]2C1,-0.47989027105619775,0.7368465853444759,-0.3454784961499859
DiaNat-DB,DiaNatDB-112,COc1cc(O)c2c(=O)c3c(O)ccc(O)c3oc2c1,-0.6006040141514741,-0.5071559476919714,-0.6363029753020522
DiaNat-DB,DiaNatDB-113,COc1c(O)cc2c(c1O)[C@@H]1O[C@H](CO)[C@@H](O)[C@H](O)[C@H]1OC2=O,0.8770922117066704,-1.2286408849769026,-0.5710243810788337
DiaNat-DB,DiaNatDB-114,CC[C@H](CC[C@@H](C)[C@H]1CC[C@H]2[C@@H]3CC=C4C[C@@H](O)CC[C@]4(C)[C@H]3CC[C@]12C)C(C)C,-2.1672402464851888,2.095926644294893,-0.041601181933619655
DiaNat-DB,DiaNatDB-115,CC1(C)CC[C@]2(C(=O)O)CC[C@]3(C)C(=CC[C@@H]4[C@@]5(C)CC[C@H](O[C@@H]6O[C@H](C(=O)O)[C@H]7O[C@@](O)(C(=O)O)C(OCC(=O)O)O[C@@H]7[C@H]6O)C(C)(C)C5CC[C@]43C)[C@@H]2C1,3.134745521066914,1.6322027863038193,0.31318094478023817
DiaNat-DB,DiaNatDB-116,O=C(O)[C@H]1O[C@@H](Oc2cc3oc(-c4ccc(O)cc4)cc(=O)c3c(O)c2O)[C@H](O)[C@@H](O)[C@@H]1O,2.2752918756717055,-0.6467172801456547,-0.29724704698516763
DiaNat-DB,DiaNatDB-117,O=C(O)/C=C/c1ccc(O)c(O)c1,-1.2920409670155495,-0.7050438546827913,-0.6346876595316194
DiaNat-DB,DiaNatDB-118,COc1cc(CNC(=O)CCCC/C=C/C(C)C)ccc1O,-1.4271286807322656,0.6847434279077187,1.716514685264448
DiaNat-DB,DiaNatDB-119,C=C(C)C1CC=C(C)C(=O)C1,-2.721645427736759,-0.34449232171190874,-0.7189668073221934
DiaNat-DB,DiaNatDB-120,O[C@H]1[C@H](O)[C@@H](O)CN2CC[C@H](O)[C@H]12,-0.943960757207386,-2.3759930724412337,0.8345744705725225
DiaNat-DB,DiaNatDB-121,CC(O)(CC(=O)O)CC(=O)OCC1O[C@@H](Oc2cc(O)c3c(=O)cc(-c4ccc(O)cc4)oc3c2)C(O)[C@@H](O)[C@@H]1O,3.235710994006363,0.27865105272090396,0.17863012144597987
DiaNat-DB,DiaNatDB-122,O=C1C[C@H](c2ccc(O)c(O)c2)c2c(cc(O)c3c2O[C@H](c2ccc(O)c(O)c2)[C@H](O)C3)O1,1.0769632545177938,-0.1290768050542972,-0.41264980472878315
DiaNat-DB,DiaNatDB-123,O=c1ccc2ccccc2o1,-2.4638923166833844,-0.6769491248971602,-0.814342884450766
DiaNat-DB,DiaNatDB-124,Cn1c2c3ccccc3nc-2cc2ccccc21,-3.0566570305588656,-0.9620422010220064,2.633219703079779
DiaNat-DB,DiaNatDB-125,CC(C)CCCC(C)C1CCC2(C)C3CCC4C(C)(C)C(O)CCC45CC35CCC12C,-2.1979030148341225,2.0433121320029253,-0.1061279850492257
DiaNat-DB,DiaNatDB-126,OC1C(O)C(O)C(O)C(O)C1O,0.0893973833751954,-2.393875011718985,-0.8616120083392099
DiaNat-DB,DiaNatDB-127,CC1O[C@@H](Oc2c(-c3cc(O)c(O)c(O)c3)oc3cc(O)cc(O)c3c2=O)[C@@H](OC(=O)c2cc(O)c(O)c(O)c2)C(O)[C@H]1O,4.217547113654396,-0.18936805815270927,-0.08255019976314272
DiaNat-DB,DiaNatDB-128,COC1[C@@H](O)[C@@H](O)C(O)[C@H](O)[C@H]1O,-0.0828507703112872,-2.0156511187625696,-0.7686982305829141
DiaNat-DB,DiaNatDB-129,Oc1cc(O)c2c(c1)O[C@H](c1cc(O)c(O)c(O)c1)[C@H](O)C2,0.2996790687659074,-0.8372587262809735,-0.6152952116790336
DiaNat-DB,DiaNatDB-13,O=c1cc(-c2ccc(O)c(O)c2)oc2cc(O)cc(O)c12,-0.387558881854054,-0.49687477317419165,-0.6181187198255287
DiaNat-DB,DiaNatDB-130,O=C(O[C@@H]1Cc2c(O)cc(O)cc2O[C@@H]1c1cc(O)c(O)c(O)c1)c1cc(O)c(O)c(O)c1,2.053293384769725,-0.2658600140594946,-0.33373981092070243
DiaNat-DB,DiaNatDB-131,C=C1CC[C@H]2C(C)=CC[C@H]3C(=C)C(=O)O[C@@H]3[C@@H]12,-2.395691631567842,-0.21734239232002375,-0.7342332030135249
DiaNat-DB,DiaNatDB-132,C=CCc1ccc(O)c(OC)c1,-2.1814299924572365,-0.21325578298948336,-0.5582116262058849
DiaNat-DB,DiaNatDB-133,OC[C@H]1NCC[C@@H](O)[C@@H]1O,-1.275664417320662,-2.1726999353609124,0.893987157346293
DiaNat-DB,DiaNatDB-134,OC[C@H]1O[C@H](OC[C@H]2O[C@@H](O)[C@@H](O)[C@@H](O)[C@@H]2O[C@@H]2O[C@H](CO)[C@@H](O)[C@H](O)[C@@H]2O)[C@H](O)[C@@H](O)[C@H]1O,4.7401335254847465,-2.2456759455088435,-0.14456711823657664
DiaNat-DB,DiaNatDB-135,CC(C)=CCN=C(N)N,-2.679676921342557,-2.370894634758989,4.34445017716666
DiaNat-DB,DiaNatDB-136,O=C1O[C@H]2[C@@H]3OC(=O)c4cc(O)c(O)c(O)c4-c4c(cc(O)c(O)c4O)C(=O)OC[C@H]2O[C@@H](OC(=O)c2cc(O)c(O)c(O)c2)[C@@H]3OC(=O)c2cc(O)c(O)c3c2[C@@H]2C1=CC(=O)[C@](O)(O3)C2(O)O,8.551019782106282,-0.9953786566552647,-0.11983603285865856
DiaNat-DB,DiaNatDB-137,CC/C(C)=C/CC[C@](C)(O)C1CC[C@]2(C)C3C[C@@H](O[C@@H]4O[C@H](CO)[C@@H](O)[C@H](O)[C@H]4O[C@@H]4O[C@@H](C)[C@H](O)[C@@H](O)[C@H]4O)C4C(C)(C)C(O)CC[C@]4(C)C3C[C@H](O)C12,3.675515553260495,1.1963691850598162,0.45042541413173
DiaNat-DB,DiaNatDB-138,Cc1cc2c([nH]c3ccccc32)c2c1OC(C)(C)C=C2,-2.690933416288636,-0.24306103855018873,0.9972141319896419
DiaNat-DB,DiaNatDB-139,COc1cc2oc(=O)c(-c3ccc(O)cc3O)cc2c(OC)c1CC=C(C)C,-0.5574817607810323,0.8516414620777247,-0.2125338568857059
DiaNat-DB,DiaNatDB-14,C/C=C1/[C@H](O[C@@H]2O[C@H](CO)[C@@H](O)[C@H](O)[C@H]2O)OC=C(C(=O)OC)[C@H]1CC(=O)OCCc1ccc(O)c(O)c1,2.800034386214834,0.09484621771114682,0.1345881810499122
DiaNat-DB,DiaNatDB-140,CC1(C)[C@@H](O[C@@H]2O[C@H](C(=O)O)[C@@H](O)[C@H](O)[C@H]2O[C@@H]2O[C@H](C(=O)O)[C@@H](O)[C@H](O)[C@H]2O)CC[C@]2(C)[C@H]3C(=O)C=C4[C@@H]5C[C@@](C)(C(=O)O)CC[C@]5(C)CC[C@@]4(C)[C@]3(C)CC[C@@H]12,4.035010608763376,0.8883370963099735,0.2321327108154603
DiaNat-DB,DiaNatDB-141,Cc1cc2c(C(C)C)c(O)c(O)c(C=O)c2c(O)c1-c1c(C)cc2c(C(C)C)c(O)c(O)c(C=O)c2c1O,0.9065058249259677,1.285529347338067,-0.06439445928203606
DiaNat-DB,DiaNatDB-142,O=c1c(O[C@@H]2OC[C@H](O)C(O)C2O)c(-c2ccc(O)c(O)c2)oc2cc(O)cc(O)c12,1.9642746311173929,-0.7558522479679681,-0.3894232240561676
DiaNat-DB,DiaNatDB-143,C/C=C(\C)C(=O)O[C@H]1[C@H](O)[C@]2(COC(C)=O)[C@@H](O)C[C@]3(C)C(=CC[C@@H]4[C@@]5(C)CC[C@H](O[C@@H]6O[C@H](C(=O)O)[C@@H](O)[C@H](O)[C@H]6O)[C@@](C)(CO)[C@@H]5CC[C@]43C)[C@@H]2CC1(C)C,3.452533301526641,1.2708738115780724,0.31340643899330534
DiaNat-DB,DiaNatDB-144,C[C@]1(OC(=O)/C=C/c2ccccc2)C[C@@H](O)[C@]2(O)C=CO[C@@H](O[C@@H]3O[C@H](CO)[C@@H](O)[C@H](O)[C@H]3O)[C@@H]21,2.079827167595606,-0.47425248284139593,-0.1370973127426667
DiaNat-DB,DiaNatDB-145,CO[C@@H]1C[C@](C)(OC(=O)/C=C/c2ccccc2)[C@@H]2[C@H](O[C@@H]3O[C@H](CO)[C@@H](O)[C@H](O)[C@H]3O)OC=C[C@]21O,1.9075790139091235,-0.096028589884981,-0.044183534986370884
DiaNat-DB,DiaNatDB-146,CC1(C)CC[C@]2(C(=O)O)CC[C@]3(C)C(=CC[C@@H]4[C@@]5(C)CC[C@H](O)[C@@](C)(CO)[C@@H]5CC[C@]43C)[C@@H]2C1,-1.0256762108883637,1.0565465343636482,-0.3402467203365106
DiaNat-DB,DiaNatDB-147,COc1cc(C2Oc3ccc(-c4cc(=O)c5c(O)cc(O)cc5o4)cc3OC2CO)ccc1O,0.7580242640172858,0.4639323276404687,-0.24589888316803654
DiaNat-DB,DiaNatDB-148,COc1cc(/C=C(\CO)c2cc([C@@H]3Oc4cc(-c5cc(=O)c6c(O)cc(O)cc6o5)ccc4O[C@H]3CO)cc(OC)c2O)ccc1O,2.3483634572597905,1.4481374301401124,0.21784361213692363
DiaNat-DB,DiaNatDB-149,C=C(CO)C(=O)O[C@H]1C[C@@]23O[C@@H]2CC/C(=C/[C@H]2OC(=O)C(=C)[C@H]12)CO[C@H]3O,0.15046577515469428,-0.47802622497530706,-0.4448844930904582
DiaNat-DB,DiaNatDB-15,C=C[C@H]1[C@H](O[C@@H]2O[C@H](CO)[C@@H](O)[C@H](O)[C@H]2O)OC=C2C(=O)OCC[C@H]21,0.8502874217188164,-0.9307189590317728,-0.4040462578264942
DiaNat-DB,DiaNatDB-150,C=C1CC1CC(N)C(=O)O,-1.9648696015163352,-1.23830174464564,1.0801113516312764
DiaNat-DB,DiaNatDB-151,C=C1CC1CC(NC(=O)CCC(N)C(=O)O)C(=O)O,-0.49051701744515597,-1.1484622133196096,3.230201951842931
DiaNat-DB,DiaNatDB-152,COCC1[C@H](COC)Cc2cc(OC)c3c(c2[C@@H]1c1ccc(OC)c(OC)c1)OCO3,-0.5083846439423879,1.2876768591374035,0.026648657584693553
DiaNat-DB,DiaNatDB-153,O=C(O)Cc1c[nH]c2ccccc12,-2.187924737332433,-0.9459345798796418,1.0448350083490678
DiaNat-DB,DiaNatDB-154,COc1cc2c(cc1O)CC[n+]1cc3c(OC)c(OC)ccc3cc1-2,-1.569846348496942,-0.17072636462841415,1.247627496699385
DiaNat-DB,DiaNatDB-155,C=C1C[C@@]23CC[C@H]4[C@@](C)(CCC[C@@]4(C)C(=O)O)[C@@H]2CC[C@@H]1C3,-2.22933046208021,0.4833131826151815,-0.566075159513112
DiaNat-DB,DiaNatDB-156,COc1ccc([C@H]2Oc3c(c(O)cc(O)c3[C@H]3C(=O)c4c(O)cc(O)cc4O[C@@H]3c3ccc(O)cc3)C(=O)[C@@H]2O)cc1O,2.351150542753768,0.5049016315029353,-0.1440634167511122
DiaNat-DB,DiaNatDB-157,O=S(=O)([O-])O[C@@H]([C@H](O)[C@H](O)[C@@H](O)CO)[C@H](O)C[S+]1C[C@@H](O)[C@H](O)[C@H]1CO,3.203672539776484,-1.3857039623358,0.0642236316240803
DiaNat-DB,DiaNatDB-158,Nc1nccc(C[C@H](N)C(=O)O)n1,-1.6312930522515758,-3.0450914922704553,6.120406592715122
DiaNat-DB,DiaNatDB-159,C=C1CN(S(=O)(=O)c2ccc(C)cc2)CCCN(Cc2ccccc2)CCCN(S(=O)(=O)c2ccc(C)cc2)C1,-1.3230600090374829,0.18640291507507453,5.036271380015376
DiaNat-DB,DiaNatDB-16,C=C[C@H]1[C@H](O[C@@H]2O[C@H](CO)[C@@H](O)[C@H](O)[C@H]2OC(=O)c2c(O)cc(O)cc2-c2cccc(O)c2)OC=C2C(=O)OCC[C@]21O,3.229119458928456,0.054600242141900214,0.03786989803025749
DiaNat-DB,DiaNatDB-160,CN[C@@H](C)[C@H](O)c1ccccc1,-2.2532784240108303,-0.9287535411559554,1.1115790071867788
DiaNat-DB,DiaNatDB-161,Cc1ccnc2ccccc12,-3.0895383717957263,-0.9489102904390099,0.8749826015156142
DiaNat-DB,DiaNatDB-162,Oc1cc(O)c2c(c1)OC(c1cc(O)c(O)c(O)c1)C(O)C2O,0.8103095555685572,-1.011933363633429,-0.60972584693524
DiaNat-DB,DiaNatDB-163,Oc1ccc(C2Oc3cc(O)cc(O)c3C(O)C2O)cc1,-0.18286176329974937,-0.7634930106253139,-0.6275258109449037
DiaNat-DB,DiaNatDB-164,O=C(/C=C/c1ccc(O)c2c1C(C(=O)OC(Cc1ccc(O)c(O)c1)C(=O)O)C(c1cc(O)cc(O)c1)O2)OC(Cc1ccc(O)c(O)c1)C(=O)O,4.2715762770030015,1.5279549356669728,0.5708142036190318
DiaNat-DB,DiaNatDB-165,O=C1CCC[C@@H]2[C@H]3C[C@@H](CN12)[C@@H]1CCCCN1C3,-2.768444038817848,-1.399540015986651,2.60815501542947
DiaNat-DB,DiaNatDB-166,C[C@H](Cc1ccc(O)c(O)c1)[C@@H](C)Cc1ccc(O)c(O)c1,-0.8137396383503234,0.4296653327418709,-0.26753543832573906
DiaNat-DB,DiaNatDB-167,COc1c(O)cc(-c2oc3cc(O)cc(O)c3c(=O)c2O[C@@H]2OC(C)[C@H](O)C(O)[C@@H]2O)cc1O,2.3146522214632994,-0.4650513133929604,-0.2766383980812032
DiaNat-DB,DiaNatDB-168,COc1cc(O)c2c(=O)c3c(O)ccc(OC)c3oc2c1,-0.7498845903387523,-0.21144049071074314,-0.5488357728617814
DiaNat-DB,DiaNatDB-169,C=C(NC1CC1)C(=O)O,-2.0726728771917013,-1.2584894175512962,1.0649340810016517
DiaNat-DB,DiaNatDB-17,C=C[C@H]1[C@@H](O[C@@H]2O[C@H](CO)[C@@H](O)[C@@H](O)[C@H]2OC(=O)c2c(O)cc(O)cc2-c2cccc(O)c2)OC=C2C(=O)OCC[C@H]21,2.6938925348153515,0.31763481092890444,0.03813337953774666
DiaNat-DB,DiaNatDB-170,COc1cc(O)c2c(=O)c3c(O)c(OC)ccc3oc2c1,-0.7498845903387523,-0.21144049071074314,-0.5488357728617814
DiaNat-DB,DiaNatDB-171,NC(Cn1ccc(=O)c(O)c1)C(=O)O,-1.088700230828771,-2.0656679280541144,2.7725524406789037
DiaNat-DB,DiaNatDB-172,CC1(C)CC[C@]2(C(=O)O)CC[C@]3(C)C(=CC[C@@H]4[C@@]5(C)CC[C@H](O[C@@H]6O[C@H](C(=O)O)[C@@H](O)[C@H](O[C@@H]7OC[C@@H](O)[C@H](O)[C@H]7O)[C@H]6O)C(C)(C)[C@@H]5CC[C@]43C)[C@@H]2C1,2.85744231621545,1.100222947467076,0.13539511067506724
DiaNat-DB,DiaNatDB-173,Oc1cc(O)cc(-c2cc3ccc(O)cc3o2)c1,-1.27074318549579,-0.24644414609478962,-0.6358819625420954
DiaNat-DB,DiaNatDB-174,Cc1c(O)c2c(c(C)c1O[C@@H]1O[C@H](CO)[C@@H](O)[C@H](O)[C@H]1O)O[C@H](c1cc(O)ccc1O)CC2=O,2.062222874104245,-0.4822964870491863,-0.2763979191379342
DiaNat-DB,DiaNatDB-175,COc1ccc(O)c([C@@H]2CC(=O)c3c(O)c(C)c(O[C@@H]4O[C@H](CO)[C@@H](O)[C@H](O)[C@H]4O)c(C)c3O2)c1,1.9129422979169668,-0.18658103006795793,-0.18893071669766334
DiaNat-DB,DiaNatDB-176,CC(=O)c1c(O)cc(O)cc1O[C@@H]1O[C@H](COC(=O)c2cc(O)c(O)c(O)c2)[C@@H](O)[C@H](O)[C@H]1O,2.947188278086618,-0.5252013913979499,-0.13014254116422994
DiaNat-DB,DiaNatDB-177,O=c1c(O)c(-c2cc(O)c(O)c(O)c2)oc2cc(O)cc(O)c12,0.6056124370142527,-0.7453151261823069,-0.600318755815865
DiaNat-DB,DiaNatDB-178,C[C@@H]1O[C@@H](Oc2c(-c3cc(O)c(O)c(O)c3)oc3cc(O)cc(O)c3c2=O)[C@H](O)[C@H](O)[C@H]1O,2.463932797650578,-0.7607667703741889,-0.3641056005214741
DiaNat-DB,DiaNatDB-179,C=CCc1cc(OC)c2c(c1)OCO2,-2.086106212683454,-0.11240153171846132,-0.5475221479523803
DiaNat-DB,DiaNatDB-18,O=c1c2cc(O)c(O)cc2oc2cc(O)c(C3OC(CO)C(O)C(O)C3O)c(O)c12,2.151253616596043,-1.1682616901938025,-0.48336599038080147
DiaNat-DB,DiaNatDB-180,OC[C@H]1O[C@@H](Oc2cc3c(O)cc(O)cc3[o+]c2-c2cc(O)c(O)c(O)c2)[C@H](O)[C@@H](O)[C@@H]1O,2.569023642190169,-0.6928300958035025,-0.2847076499906308
DiaNat-DB,DiaNatDB-181,COc1cc([C@H]2c3cc(O)c(O)cc3-c3oc4cc(O)cc(O)c4c(=O)c3[C@H]2CO)ccc1O,1.1341649795006774,0.14760249335463158,-0.31599363825459564
DiaNat-DB,DiaNatDB-182,COc1cc2c3c(c1OC)-c1ccccc1C[C@H]3N(C)CC2,-2.3223483102300957,-0.20160001456937415,1.1468603464657896
DiaNat-DB,DiaNatDB-183,CCCC[C@@H](C)[C@H]1CC[C@H]2[C@@H]3CC=C4C[C@@H](O)CC[C@]4(C)[C@H]3CC[C@]12C,-2.2869569531954,1.4184015837415493,-0.25968536476346027
DiaNat-DB,DiaNatDB-184,COC1CC(O[C@H]2CC[C@@]3(C)[C@H](CC[C@@H]4[C@@H]3CC[C@]3(C)[C@@H](C5=CC(=O)OC5)[C@@H](OC(C)=O)C[C@]43O)C2)OC(C)C1O,0.6339581587662665,0.996094561700555,-0.09167920784818843
DiaNat-DB,DiaNatDB-185,CC1(C)CC[C@]2(C(=O)O)CC[C@]3(C)C(=CC[C@@H]4[C@@]5(C)CC[C@H](O)C(C)(C)[C@@H]5CC[C@]43C)[C@@H]2C1,-1.6147211398491943,1.219805880777887,-0.4161652265618726
DiaNat-DB,DiaNatDB-186,C[C@]12C[C@]3(O)O[C@@H](O1)[C@]1(COC(=O)c4ccccc4)[C@H]3C[C@@]12O[C@@H]1O[C@H](CO)[C@@H](O)[C@H](O)[C@H]1O,1.8592077201064536,-0.47605708814012776,-0.1559496897037519
DiaNat-DB,DiaNatDB-187,COc1cc2c(cc1OC)-c1cc3ccc(OC)c(OC)c3c[n+]1CC2,-1.7191269246842205,0.12498909235281495,1.335094699139656
DiaNat-DB,DiaNatDB-188,O=C(O)[C@H]1O[C@@H](O)[C@H](O)[C@@H](O)[C@H]1O,0.10682356921744933,-2.0244023526123205,-0.7709835805875244
DiaNat-DB,DiaNatDB-189,O=C1OC[C@H]2OC(O)[C@@H]3OC(=O)c4cc(O)c(O)c(O)c4-c4c(cc(O)c(O)c4O)C(=O)O[C@H]3[C@@H]2OC(=O)c2cc(O)c(O)c(O)c2-c2c1cc(O)c(O)c2O,6.49970536183118,-0.984303089856793,-0.36263007817218945
DiaNat-DB,DiaNatDB-19,C=C[C@H]1[C@H](O[C@@H]2O[C@H](CO)[C@@H](O)[C@H](O)[C@H]2O)OC=C2C(=O)OCC[C@]21O,1.3855143458319212,-1.1937535278187765,-0.40430973933398334
DiaNat-DB,DiaNatDB-190,CC(C)=C[C@H]1C[C@](O)([C@H]2CC[C@]3(C)[C@H]2CCC2[C@@]4(C)CC[C@H](O[C@@H]5OC[C@@H](O)[C@H](O[C@@H]6O[C@H](CO)[C@@H](O)[C@H](O)[C@H]6O)[C@@H]5O[C@H]5O[C@H](C)[C@@H](O)[C@H](O)[C@@H]5O)C(C)(C)C4CC[C@]23C)[C@H](O)O1,5.143854514783708,0.8894623367399439,0.4386512235156482
DiaNat-DB,DiaNatDB-191,COC[C@@H](Cc1ccc(OC)c(OC)c1)[C@@H](COC)Cc1ccc(OC)c(OC)c1,-0.5772683925507407,2.042456253751139,0.41999793939866037
DiaNat-DB,DiaNatDB-192,COc1c(O)cc(C2Oc3c(c(O)cc(O)c3[C@H]3c4c(O)cc(O)cc4O[C@H](c4ccc(O)cc4)[C@@H]3O)C[C@H]2O)cc1O,2.6999966513362086,0.30661032995725496,-0.14025842209464015
DiaNat-DB,DiaNatDB-193,C[C@@H]1O[C@@H](O[C@@H]2[C@@H](O)[C@H](OCCc3ccc(O)c(O)c3)O[C@H](CO[C@@H]3O[C@H](CO)[C@H](O)[C@H](O)[C@H]3O)[C@H]2OC(=O)/C=C/c2ccc(O)c(O)c2)[C@H](O)[C@H](O)[C@H]1O,6.511284372477487,-0.019079332775126398,0.5937244443547814
DiaNat-DB,DiaNatDB-194,C[C@@H]1O[C@@H](Oc2c(-c3ccc(O)c(O)c3)oc3cc(O)cc(O)c3c2=O)[C@@H](O)[C@H](O)[C@@H]1O,1.9673471382164245,-0.6365465938701313,-0.37300558252630595
DiaNat-DB,DiaNatDB-195,C[C@@H]1O[C@@H](Oc2c(-c3ccc(O)c(O)c3)oc3cc(O)cc(O)c3c2=O)[C@H](O)[C@H](O)[C@H]1O,1.9673471382164245,-0.6365465938701313,-0.37300558252630595
DiaNat-DB,DiaNatDB-196,Cc1c(O)c(O)cc2c1CC[C@H]1[C@@]2(C)CC[C@@]2(C)[C@@H]3C[C@@H](C)C(=O)[C@@H](O)[C@]3(C)CC[C@]12C,-1.0336006490571057,0.529922900435862,-0.5319225365453338
DiaNat-DB,DiaNatDB-197,CC1=CC(=O)CC(C)(C)[C@@]1(O)/C=C/[C@@H](C)O[C@@H]1O[C@H](CO)[C@@H](O)[C@H](O)[C@H]1O,0.8454587811179748,-0.5421833035567665,-0.2786663872342922
DiaNat-DB,DiaNatDB-198,O=C(/C=C/c1ccc(O)c(O)c1)O[C@H](Cc1ccc(O)c(O)c1)C(=O)O,0.6347390691329287,0.09118377602169227,-0.18201560085135854
DiaNat-DB,DiaNatDB-199,O=S(=O)([O-])O[C@@H](CO)[C@H](O)C[S+]1C[C@@H](O)[C@H](O)[C@H]1CO,1.4273202315968982,-1.2538428853865962,-0.21278481164159063
DiaNat-DB,DiaNatDB-2,COc1ccc2cc3[n+](cc2c1OC)CCc1cc2c(cc1-3)OCO2,-1.8218276519700347,-0.24136739383456315,1.161949790507787
DiaNat-DB,DiaNatDB-20,O=c1cc(-c2ccc(O)cc2)oc2c([C@@H]3O[C@H](CO)[C@@H](O)[C@H](O)[C@H]3O)c(O)cc(O)c12,1.7184325132720313,-0.7380448821907364,-0.38661451446883893
DiaNat-DB,DiaNatDB-200,CC(=O)OC[C@]12[C@@H](OC(=O)c3ccccc3)C[C@@H]3[C@@H](OC(C)=O)[C@]1(OC3(C)C)[C@H](C)C[C@H](O)[C@@H]2OC(C)=O,0.7908643628315937,0.808972702512615,-0.0683985727148561
DiaNat-DB,DiaNatDB-201,OC[C@H]1O[C@@H](OCCc2ccc(O)cc2)[C@H](O)[C@@H](O)[C@@H]1O,0.4266844914559709,-0.8404919344729179,-0.35094880984660065
DiaNat-DB,DiaNatDB-202,C=CC[S+]([O-])CC(N)C(=O)O,-1.4125778293121862,-1.1801181420464628,1.247507621115093
DiaNat-DB,DiaNatDB-203,C[n+]1cc2c3c(ccc2c2ccc4cc5c(cc4c21)OCO5)OCO3,-1.9407134950710156,-0.43797068927364524,1.007325003890577
DiaNat-DB,DiaNatDB-204,CC=C1CN2[C@H]3C[C@H]1C(CO)[C@@H]2Cc1c3[nH]c2ccc(O)cc12,-1.8408596046193662,-1.147827140456954,2.7574948020645214
DiaNat-DB,DiaNatDB-205,CC(=O)OC1C(C)OC(OC2C3C=COC(OC4OC(CO)C(O)C(O)C4O)C3C3(CO)OC23)C(OC(C)=O)C1OC(=O)/C=C/c1ccccc1,4.136419883605644,0.5178436254833703,0.3953359703705297
DiaNat-DB,DiaNatDB-206,COC(=O)C1=CO[C@@H](C)[C@H]2C[n+]3ccc4c([nH]c5ccccc54)c3C[C@H]12,-1.9790383106254115,-0.931219797179623,2.7737304366067246
DiaNat-DB,DiaNatDB-207,CC(C)(O)[C@@H]1[C@H]2OC(=O)[C@@H]1[C@]1(O)C[C@H]3O[C@]34C(=O)O[C@H]2[C@]14C,-0.2532172080101777,-1.0936638522265192,-0.6633367739010637
DiaNat-DB,DiaNatDB-208,COc1ccc2c(OC)c3ccoc3nc2c1OC,-1.7584017820946292,-0.30739709139021454,1.1869469667176569
DiaNat-DB,DiaNatDB-209,O=c1ccc2ccc(O[C@@H]3O[C@H](CO)[C@@H](O)[C@H](O)[C@H]3O)cc2o1,0.48005863234792384,-0.9798802920073386,-0.49331124092618117
DiaNat-DB,DiaNatDB-21,COc1cc(O)c2c(=O)c3c(O)c(O)ccc3oc2c1,-0.600604014151474,-0.5071559476919716,-0.6363029753020523
DiaNat-DB,DiaNatDB-210,C[S+]([O-])CC(N)C(=O)O,-1.5180649613905237,-1.6293414622008118,1.0628058422956013
DiaNat-DB,DiaNatDB-211,CC1CCC2(NC1)OC1CC3C4CC=C5CC(OC6OC(CO)C(O)C(OC7OC(CO)C(O)C(O)C7O)C6OC6OC(C)C(O)C(O)C6O)CCC5(C)C4CCC3(C)C1C2C,4.785274188145653,-0.05125874823641133,1.9942481399750545
DiaNat-DB,DiaNatDB-212,C1CCN2C[C@@H]3C[C@@H](CN4CCCC[C@@H]34)[C@H]2C1,-3.020935370008485,-1.295469102779489,2.6081906453970287
DiaNat-DB,DiaNatDB-213,C=C1C[C@@]23CC[C@H]4[C@@](C)(CCC[C@@]4(C)C(=O)O[C@@H]4O[C@H](CO)[C@@H](O)[C@H](O)[C@H]4O)[C@@H]2CC[C@]1(O[C@@H]1O[C@H](CO)[C@@H](O)[C@H](O)[C@H]1O[C@@H]1O[C@H](CO)[C@@H](O)[C@H](O)[C@H]1O)C3,5.666334680885481,-0.34557493594840016,0.30031720502479786
DiaNat-DB,DiaNatDB-214,CC[C@H](/C=C/[C@@H](C)[C@H]1CC[C@H]2[C@@H]3CC=C4C[C@@H](O)CC[C@]4(C)[C@H]3CC[C@]12C)C(C)C,-2.2011774475374177,1.9059985676755364,-0.12496205065013723
DiaNat-DB,DiaNatDB-215,O=C1OC(c2ccc(O)cc2)Cc2cccc(O)c21,-1.3784313130970856,-0.3154093348284415,-0.6405941853164178
DiaNat-DB,DiaNatDB-216,CC1=C(O)C(=O)C=C2C1=CC=C1[C@@]2(C)CC[C@@]2(C)[C@@H]3C[C@@H](C)C(=O)C[C@]3(C)CC[C@]12C,-1.7417079068341257,0.8678277646295601,-0.5363917051858585
DiaNat-DB,DiaNatDB-217,C[C@@H]1CC[C@]2(C(=O)O)CC[C@]3(C)C(=CC[C@@H]4[C@@]5(C)C[C@@H](O)[C@@H](O)C(C)(C)C5CC[C@]43C)[C@H]2[C@]1(C)O,-0.5254143840887466,0.6260097957585666,-0.4211630041769032
DiaNat-DB,DiaNatDB-218,CC1=CC(=O)C[C@H]2C1CC[C@@H](C)[C@]21C[C@H](c2ccoc2)OC1=O,-1.6810859783928278,0.2166715959226699,-0.5860035131995054
DiaNat-DB,DiaNatDB-219,C[n+]1cccc(C(=O)[O-])c1,-2.353871068071294,-1.7392849289627366,0.8860308171096573
DiaNat-DB,DiaNatDB-22,O=c1cc(-c2ccc(O)c(O)c2)oc2cc(O)c([C@@H]3O[C@H](CO)[C@@H](O)C(O)[C@H]3O)c(O)c12,2.2150181727061855,-0.8622650586947941,-0.3777145324640071
DiaNat-DB,DiaNatDB-220,CC1=C2CC[C@H]3[C@@](C)(CC[C@@]4(C)[C@@H]5C[C@@H](C)C(=O)[C@@H](O)[C@]5(C)CC[C@]34C)[C@@H]2C[C@H](O)C1=O,-1.1500295183232958,0.4581975822076104,-0.5426492677906236
DiaNat-DB,DiaNatDB-221,O[C@H]1[C@H](O)[C@@H](O)CN2C[C@@H](O)[C@@H](O)[C@H]12,-0.39930737932716254,-2.6728911149508936,0.8320755817650073
DiaNat-DB,DiaNatDB-222,O[C@H]1[C@H]2[C@H](O)[C@H](O)CN2[C@H](O)C[C@H]1O,-0.4220460006279982,-2.591205178337465,0.8374678619696505
DiaNat-DB,DiaNatDB-223,C[C@H]1[C@H](C)CC[C@]2(C(=O)O)CC[C@]3(C)C(=CC[C@@H]4[C@@]5(C)CC[C@H](O)C(C)(C)[C@@H]5CC[C@]43C)[C@H]12,-1.6052946860820756,1.1859424070552316,-0.41840063386189874
DiaNat-DB,DiaNatDB-224,C=C[C@@]12COC(=O)C(=C)[C@@H]1[C@H]1OC(=O)C(=C)[C@@H]1[C@@H](OC(=O)C(=C)CO)C2,-0.30649647008591036,-0.13184282608921682,-0.36904345132088573
DiaNat-DB,DiaNatDB-225,C=C(C)C(=O)O[C@H]1C[C@@]23O[C@@H]2CC/C(=C/[C@H]2OC(=O)C(=C)[C@H]12)CO[C@@H]3O,-0.4385791538061362,-0.31476687856106866,-0.5208029993158203
DiaNat-DB,DiaNatDB-226,COC(=O)[C@@H]1[C@H]2C[C@H]3c4[nH]c5ccccc5c4CCN3C[C@@H]2CC[C@@H]1O,-1.6605788756067172,-1.0477989557314458,2.780871025647657
DiaNat-DB,DiaNatDB-227,O=C(OC[C@H]1OC[C@H](O)[C@@H](O)[C@@H]1O)c1cc(O)c(O)c(O)c1,1.1230376607132748,-1.2666600181292684,-0.5010615825469292
DiaNat-DB,DiaNatDB-228,O=C(O[C@H]1CO[C@H](CO)[C@@H](O)[C@@H]1O)c1cc(O)c(O)c(O)c1,1.1230376607132748,-1.2666600181292684,-0.5010615825469292
DiaNat-DB,DiaNatDB-229,COc1cc([C@@H]2c3c(O)cc(O)cc3[C@@H]3[C@H]2CO[C@H]3c2ccc(O)c(O)c2)cc(OC)c1O,0.6001267343343546,0.5041984849723555,-0.24195660778452147
DiaNat-DB,DiaNatDB-23,C[N+](C)(C)CC(=O)[O-],-2.34420725277065,-1.7434995928825434,0.941704277162607
DiaNat-DB,DiaNatDB-230,Oc1cc(O)cc(/C=C/c2cc(O)c(O)c(O)c2)c1,-0.5106593484060813,-0.4188460920255063,-0.55063005590907
DiaNat-DB,DiaNatDB-231,COc1c(O)cc2oc3cc(O)c(CC=C(C)C)c(O)c3c(=O)c2c1CC=C(C)C,-0.3433274672563177,1.0070146948869458,-0.17500205918349043
DiaNat-DB,DiaNatDB-232,CC(C)=CCc1c(O)cc2oc3cc(O)c(O)c(CC=C(C)C)c3c(=O)c2c1O,-0.1940468910690395,0.7112992379057174,-0.26246926162376133
DiaNat-DB,DiaNatDB-233,CC(C)[C@H]1CCc2cc(O)c(O)c3c2[C@@H]1OC3=O,-1.3930458051081984,-0.33705179210093084,-0.6468818111521104
DiaNat-DB,DiaNatDB-234,COc1ccc(-c2coc3cc(O)ccc3c2=O)cc1,-1.5300107769096394,0.04728103681515226,-0.5484514813949216
DiaNat-DB,DiaNatDB-235,COc1ccc2c(c1O)-c1c(O)c(OC)cc3c1[C@H](C2)[N+](C)(C)CC3,-1.4216282780695635,-0.3716704705138297,1.1759430892084208
DiaNat-DB,DiaNatDB-236,Oc1cc(O)cc(Oc2c(O)cc3c(c2O)Oc2cc(Oc4c(O)cc(O)cc4O)c(O)c(O)c2O3)c1,2.699656861095867,0.40985731438858963,-0.18510034389854674
DiaNat-DB,DiaNatDB-237,COc1cc([C@@H]2c3c(cc(OC)c(O)c3OC)C[C@@H](CO)[C@@H]2CO[C@H]2O[C@H](CO)C(O)[C@H](O)[C@H]2O)cc(OC)c1O,3.0090763384357744,0.38144737129573,0.2529770271043097
DiaNat-DB,DiaNatDB-238,C=C(C)[C@@H]1CC[C@]2(C)CC[C@]3(C(=O)O)C(CCC4[C@@]5(C)CC[C@@H](O)C(C)(C)[C@@H]5CC[C@]43C)C12,-1.5607984693107861,1.3192051034424208,-0.3400080594513673
DiaNat-DB,DiaNatDB-239,O=C(O)/C(=C/c1ccccc1)O[C@@H]1O[C@@H](CO)[C@@H](O)[C@H](O)[C@H]1O,0.6609955171028001,-0.7676421624936097,-0.3319911746860315
DiaNat-DB,DiaNatDB-24,CC(=O)c1c(C)cc2cccc(O)c2c1O,-1.7158397210482277,-0.32222364156824096,-0.6625814373765803
DiaNat-DB,DiaNatDB-240,CC1=CC[C@]2(C(=O)O)CC[C@]3(C)C(=CC[C@@H]4[C@@]5(C)CC[C@H](O)C(C)(C)C5CC[C@]43C)[C@@H]2[C@]1(C)O,-1.0689352000170282,0.9001059317587152,-0.4213970023753479
DiaNat-DB,DiaNatDB-241,C[C@@H]1O[C@@H](O[C@@H]2C(c3cc4c(=O)cc(-c5ccc(O)cc5)oc4cc3O)O[C@@H](C)[C@@H](O)[C@H]2O)[C@H](O)[C@H](O)[C@H]1O,2.468154708014169,-0.38350856748913636,-0.22977327208861695
DiaNat-DB,DiaNatDB-242,CC(=O)O[C@H]1C[C@]2(C)[C@@H](C(C)C)CC[C@H]2[C@]23C[C@H]2[C@](C)(O)CC[C@]13C,-1.723243993409357,0.5627634041726992,-0.46419603207991306
DiaNat-DB,DiaNatDB-243,CC(C)[C@H]1CC[C@H]2[C@@H]3C=C[C@](C)(O)CC[C@]3(C)CC[C@]12C(=O)O,-1.6521790363946465,0.3815132127130696,-0.4848718960468539
DiaNat-DB,DiaNatDB-244,CC1=CC(O)C(O)C2(C)C1CC1OC(=O)C(O)C3(O)C4(C)OCC13C2C(O)C4O,1.2243137690302417,-1.6161443437931786,-0.6743523471260755
DiaNat-DB,DiaNatDB-245,CC1=CC(=O)C(O)C2(C)C1CC1OC(=O)C(O)C3(O)C4(C)OCC13C2C(O)C4O,1.0496257797094808,-1.5160469437588766,-0.6761920172539986
DiaNat-DB,DiaNatDB-246,COC1=C(OC)C(O)=CC(c2oc3cc(OC)c(OC)c(O)c3c(=O)c2OC)C1,0.3570241732061028,0.6233603953123036,-0.15190988989539753
DiaNat-DB,DiaNatDB-248,COc1ccc(-c2cc(=O)c3c(O)c(C)c(O)c(C)c3o2)cc1,-1.0168030676400757,0.12403459771273301,-0.5092007606271894
DiaNat-DB,DiaNatDB-249,COc1ccc(-c2cc(=O)c3c(O)c(C)c(OC)c(C(C)(C)O)c3o2)cc1,-0.5819869555597023,0.5349532855516493,-0.3103490931909488
DiaNat-DB,DiaNatDB-25,C=C(C)C1CC=C(C)CC1,-3.0916108162962215,-0.14769167923655124,-0.7146282483867551
DiaNat-DB,DiaNatDB-250,OCC(O)C(O)(CO)C(O)CO,0.2995663011936453,-1.6645981544379838,-0.46426509655627307
DiaNat-DB,DiaNatDB-251,COc1ccc(-c2cc(=O)c3c(O)c(OC)c(O)cc3o2)cc1,-0.6861200342286108,0.09455614078826559,-0.44318431494498695
DiaNat-DB,DiaNatDB-252,COc1ccc(-c2cc(=O)c3c(O)c(OC)c(O[C@@H]4O[C@H](CO[C@@H]5O[C@@H](C)[C@H](O)[C@@H](O)[C@H]5O)[C@@H](O)[C@H](O)[C@H]4O)cc3o2)cc1,3.596598038505666,-0.017098058034550653,0.11060707718518183
DiaNat-DB,DiaNatDB-253,CC(C)=CCCC(C)C1CC[C@@]2(C)C3CCC4[C@](C)(C(=O)O)C(O[C@@]5(C)O[C@](C)(CO)[C@@](C)(O)[C@](C)(O)[C@@]5(C)O)C[C@H](O)[C@@]45C[C@@]35CCC12C,1.5471540242558814,1.9581643382163936,0.29469672986955275
DiaNat-DB,DiaNatDB-254,C/C=C1/C(=O)CC2C3CCC4=CC(=O)CCC4(C)C3CCC12C,-2.2898296784904284,0.32098250774060516,-0.6457012197837112
DiaNat-DB,DiaNatDB-255,C/C=C1\C(=O)CC2C3CCC4=CC(=O)CCC4(C)C3CCC12C,-2.2898296784904284,0.32098250774060516,-0.6457012197837112
DiaNat-DB,DiaNatDB-256,O=C(OC[C@@H](O)[C@@H](O)[C@@H](O)[C@H](O)C(=O)CO)c1cc(O)c(O)c(O)c1,2.4707147296272463,-1.0374317342068362,-0.09223803879298727
DiaNat-DB,DiaNatDB-257,C=C1C(=O)O[C@@H]2/C=C(\C)CC/C=C(\C)CC[C@@H]12,-2.4265427080680277,-0.08778006865435353,-0.7244528105502306
DiaNat-DB,DiaNatDB-258,O=C(O)c1cccnc1,-2.3324996675933445,-1.3778658387387195,0.9097112703175938
DiaNat-DB,DiaNatDB-259,CC(C)=CCC[C@@H](C)c1ccc(C)c(O)c1,-2.427772014288139,0.6208309358744326,-0.39775482896311737
DiaNat-DB,DiaNatDB-26,C=CCSC[C@H](N)C(=O)O,-1.737336575225454,-0.9538185857698982,1.2521137768368544
DiaNat-DB,DiaNatDB-260,CCCCCCCCCCCC1=C(O)C(=O)C=C(O)C1=O,-0.9702571968910249,1.3659129349702168,0.12294815241791053
DiaNat-DB,DiaNatDB-261,C=C(C)[C@@H]1CC[C@]2(C(=O)O)CC[C@]3(C)C(CC[C@@H]4[C@@]5(C)C[C@H](O)[C@H](O)[C@@]6(O[C@H](O)CCCCCCC)C[C@]65CC[C@]43C)[C@H]12,0.21002717039051577,2.5113777005323192,0.39512995531077477
DiaNat-DB,DiaNatDB-262,O=C(CC12OC1C(O)C1C=COC(OC3O[C@H](CO)C(O)[C@H](O)[C@H]3O)C12)O/C=C/c1ccccc1,1.9224355692067028,-0.23310891148761811,-0.0617514023906595
DiaNat-DB,DiaNatDB-263,O=C(/C=C/c1ccc(O)cc1)c1ccc(O)cc1O,-1.0966453750108653,-0.07746105985627094,-0.4755042238793297
DiaNat-DB,DiaNatDB-264,COc1ccc(C(=O)/C=C/c2ccc(O)cc2)c(OC)c1,-1.395206527385422,0.5139698541061867,-0.3005698189987879
DiaNat-DB,DiaNatDB-265,O=C(Oc1ccc(C2CC(=O)c3ccc(OC(=O)c4ccccc4)cc3O2)cc1)c1ccccc1,-0.8212859537955045,1.4669827306803422,-0.13786252457462966
DiaNat-DB,DiaNatDB-266,CC(=O)OC1CC2(C)C(OC(C)=O)C(O)=C(O)C(OC(C)=O)C2C2(C)CCc3cocc3C12,0.3943890457994304,0.44176464741142596,-0.3325730414999891
DiaNat-DB,DiaNatDB-267,CCCCCCCCCCCCCCCC(=O)O[C@H]1CC[C@@]2(C)C(CC[C@]3(C)C2CC=C2C4CC(C)(C)CC[C@]4(C)CC[C@]23C)C1(C)C,-1.5768082672431978,5.278208487163626,0.9372767289482097
DiaNat-DB,DiaNatDB-268,O=C1c2c(O)cc(O)cc2O[C@H](c2ccc(O)c(O)c2)[C@H]1O[C@@H]1O[C@@H](O)[C@H](O)[C@@H](O)[C@H]1O,2.49708394516938,-1.068918244565128,-0.39324372775042066
DiaNat-DB,DiaNatDB-269,CCCCOC(=O)c1ccccc1C(=O)OCC(C)C,-1.4851629417456573,0.8592225378376664,-0.14943862841099642
DiaNat-DB,DiaNatDB-27,C=CC(C)(O)CCC=C(C)C,-2.434893410835197,0.05089721735837087,-0.4744044287994079
DiaNat-DB,DiaNatDB-270,C[C@@H]1C[C@H]2OC(=O)[C@@]3(C)CCC[C@@](C)([C@@H]23)[C@@]1(O)CCc1ccoc1,-1.3909738387626258,0.4372232175437776,-0.41403619134363473
DiaNat-DB,DiaNatDB-271,CCC/C=C1\OC(=O)C2=C[C@H]3CC[C@]21C1C2=C(CC[C@H]13)/C(=C\CCC)OC2=O,-1.5205330250997746,1.056034338122704,-0.2830358280248031
DiaNat-DB,DiaNatDB-272,CCC/C=C1/OC(=O)C2=C1CCC=C2,-2.3787235395091324,-0.06437422725386593,-0.609342540058775
DiaNat-DB,DiaNatDB-273,CCC/C=C1/OC(=O)c2ccccc21,-2.390942394724913,-0.03921267098201742,-0.608909246426738
DiaNat-DB,DiaNatDB-274,CCC(CC[C@@H](C)C1CC[C@H]2[C@@H]3CC=C4C[C@H](O)CC[C@]4(C)[C@H]3CC[C@]12C)C(C)C,-2.1672402464851888,2.095926644294893,-0.041601181933619655
DiaNat-DB,DiaNatDB-275,C=CCc1cc(-c2ccc(O)c(CC=C)c2)ccc1O,-1.8194560285463606,0.6857058314458078,-0.28728905828538015
DiaNat-DB,DiaNatDB-276,CC1=C(C)C(=O)O[C@@H]([C@@]2(C)O[C@@]34CC[C@]2(O)[C@@]3(C)CC[C@H]2[C@H]4CC=C3CC=CC(=O)[C@@]32C)C1,-1.0275279176785805,0.5867190167225784,-0.4715351774933059
DiaNat-DB,DiaNatDB-277,CC1=C(C)C(=O)O[C@@H]([C@](C)(O)[C@]2(O)CC[C@@]3(O)[C@@H]4CC=C5C=CCC(=O)[C@]5(C)[C@H]4CC[C@]23C)C1,-0.2307689458175783,0.36001550376554164,-0.38838583459825876
DiaNat-DB,DiaNatDB-278,CC1=C(C)C(=O)O[C@@H]([C@](C)(O)[C@]2(O)CC[C@@]3(O)[C@@H]4CC=C5CC=CC(=O)[C@]5(C)[C@H]4CC[C@]23C)C1,-0.2307689458175783,0.36001550376554164,-0.38838583459825876
DiaNat-DB,DiaNatDB-279,CC1=C(C)C(=O)O[C@@H]([C@](C)(O)[C@]2(O)C[C@H](O)[C@@]3(O)[C@@H]4CC=C5CC=CC(=O)[C@]5(C)[C@H]4CC[C@@]32C)C1,0.31388443206264566,0.06311746125588145,-0.39088472340577407
DiaNat-DB,DiaNatDB-28,CC1=CCC(C(C)(C)O)CC1,-2.557516454135059,-0.38792434151404404,-0.7121588428882842
DiaNat-DB,DiaNatDB-280,CC1=C(C)C(=O)O[C@@H]([C@](C)(O)[C@]2(O)CC[C@@]3(O)[C@@H]4CC=C5C[C@@H](O[C@@H]6O[C@H](CO)[C@@H](O)[C@H](O)[C@H]6O)CC(=O)[C@]5(C)[C@H]4CC[C@]23C)C1,2.7277231284415344,0.023580286857113497,-0.0683381922640106
DiaNat-DB,DiaNatDB-281,COc1ccc(-c2cc(=O)c3c(O)c(OC)c(O)cc3o2)cc1OC,-0.3388149509817356,0.2660514212654368,-0.3468171304998841
DiaNat-DB,DiaNatDB-282,C[C@]1(O)C=CC(=O)[C@@]2(C)CCC3C(=O)C(=O)O[C@H]3[C@H]12,-1.135193349415164,-0.9141926131221325,-0.7519150832321522
DiaNat-DB,DiaNatDB-283,CCC(CCC(C)C1CCC2C3=CCC4C(C)C(O)CCC4(C)C3CCC21C)C(C)C,-2.1548459513097216,2.1817448243783057,-0.02739412708143833
DiaNat-DB,DiaNatDB-284,CC(C)C(C)CCC(C)C1CCC2C3=CCC4C(C)C(O)CCC4(C)C3CCC21C,-2.2023100094893597,1.9288004741850482,-0.12222916364417725
DiaNat-DB,DiaNatDB-285,CC(C)CCCC(C)C1CCC2C3=CCC4C(C)C(O)CCC4(C)C3CCC21C,-2.2147043046648274,1.8429822941016347,-0.1364362184963586
DiaNat-DB,DiaNatDB-286,CC1CC2=C(CC1O)C(=O)c1cccc(O)c1C2=O,-1.3280056676328655,-0.6156392155156455,-0.725809374698139
DiaNat-DB,DiaNatDB-287,C=C(C)C1CCC2(C(=O)O)CCC3(C)C(CCC4C5(C)CCC(O)C(C)(C)C5CCC43C)C12,-1.5607984693107861,1.3192051034424208,-0.3400080594513673
DiaNat-DB,DiaNatDB-288,C[C@@H]1O[C@@H](O[C@@H]2C[C@H](OCCc3ccc(O)c(O)c3)O[C@H](CO)[C@H]2OC(=O)C=Cc2ccc(O)c(O)c2)[C@H](O)[C@H](O)[C@H]1O,3.542233282499312,0.37402126436546623,0.2786450963265188
DiaNat-DB,DiaNatDB-289,O=C(/C=C/c1ccc(O)cc1)OC[C@@H]1O[C@H](Oc2c(-c3ccc(O)cc3)oc3cc(O)cc(O)c3c2=O)[C@@H](O)[C@H](O)[C@H]1O,2.8914844746612385,0.42341295377322286,0.06164826443974876
DiaNat-DB,DiaNatDB-29,C=CCSSSCC=C,-2.5045810353404234,0.5881594937651012,-0.2869768588407231
DiaNat-DB,DiaNatDB-290,O=c1cc(-c2ccc(O)cc2)oc2cc(O)c([C@@H]3O[C@H](CO)[C@@H](O)[C@@H](O)[C@H]3O)c(O)c12,1.7184325132720315,-0.7380448821907363,-0.3866145144688389
DiaNat-DB,DiaNatDB-291,COc1cc2oc(-c3ccc(O)cc3)cc(=O)c2c(O)c1[C@@H]1O[C@H](CO)[C@@H](O)[C@@H](O)[C@H]1O,1.569151937084753,-0.44232942520950796,-0.299147312028568
DiaNat-DB,DiaNatDB-292,COc1ccc(-c2cc(=O)c3c(O)cc(OC4OCC(O)(CO)C4OC4OC(CO)C(O)C4O)cc3o2)cc1O,3.2395764393859467,-0.12126408431460389,0.07119605490323451
DiaNat-DB,DiaNatDB-293,COc1ccc(-c2cc(=O)c3c(O)cc(OC4OCC(O)(CO)C4O)cc3o2)cc1O,1.362799946576568,-0.20227791838726064,-0.23243860858785115
DiaNat-DB,DiaNatDB-294,COc1c(C(=O)/C=C(\O)c2ccccc2)ccc2occc12,-1.4567606775616004,0.6123122671049954,-0.3561049508928975
DiaNat-DB,DiaNatDB-295,COc1c(-c2ccccc2)oc2c(ccc3occc32)c1=O,-1.7290640714656147,0.39901543963731156,-0.5193132821515688
DiaNat-DB,DiaNatDB-296,OC[C@@H]1O[C@]2(O)C(O)[C@H](O)[C@@H](CO)O[C@@]2(O)[C@H](O)[C@H]1O,1.8957618653227337,-2.4833675918096927,-0.6473704599615282
DiaNat-DB,DiaNatDB-297,COC(=O)C=Cc1ccc(O)c(O)c1,-1.3770440381432985,-0.6040658476101519,-0.6278527462372583
DiaNat-DB,DiaNatDB-298,CC(=O)O[C@H]1CCC2[C@@H](CC[C@]3(C)[C@@H]2CC=C2C4[C@@H](C)[C@H](C)CC[C@]4(C)CC[C@]23C)C1(C)C,-2.2348464693993653,1.5834424569292989,-0.40909165238236805
DiaNat-DB,DiaNatDB-299,COc1c(CO)c(O[C@@H]2O[C@H](CO[C@@H]3OC[C@@H](O)[C@H](O)[C@H]3O)[C@@H](O)[C@H](O)[C@H]2O)cc2c1C(=O)c1ccccc1C2=O,3.348251006529153,-0.5965863974973546,-0.019745090634901857
DiaNat-DB,DiaNatDB-3,O=c1c2ccccc2nc2n1CCC2O,-2.1889356597897,-1.8453171960700214,2.56409383030344
DiaNat-DB,DiaNatDB-30,C=CCSS/C=C/C[S+]([O-])CC=C,-2.0486286946396337,0.8490789748355257,-0.0958310537954286
DiaNat-DB,DiaNatDB-300,O=C1c2ccccc2C(=O)c2c1cc(O[C@@H]1O[C@H](CO[C@@H]3OC[C@@H](O)[C@H](O)[C@H]3O)[C@@H](O)[C@H](O)[C@H]1O)c(CO)c2O,3.497531582716432,-0.8923018544785837,-0.10721229307517273
DiaNat-DB,DiaNatDB-301,CC1(C)CC[C@]2(C(=O)O)CC[C@]3(C)C(=CC[C@@H]4[C@@]5(C)C[C@@H](O)[C@H](O)C(C)(C)[C@@H]5CC[C@]43C)[C@@H]2C1,-1.0700677619689707,0.9229078382682268,-0.41866411536938797
DiaNat-DB,DiaNatDB-302,COc1ccc(C(O)CNC(=O)/C=C/c2ccccc2)cc1,-1.4964407227605112,-0.020525121020677186,1.4562607618496533
DiaNat-DB,DiaNatDB-303,C=C1CC[C@@H]2[C@](C)(CO)[C@H](O)CC[C@@]2(C)[C@@H]1CCC1=CCOC1=O,-1.1149026950138006,0.3438744831657343,-0.3406658439747406
DiaNat-DB,DiaNatDB-304,CC(C)=CC(=O)O[C@H]1Cc2cc3ccc(=O)oc3cc2OC1(C)C,-1.3363030431974652,0.24815081416953344,-0.5086487925784252
DiaNat-DB,DiaNatDB-305,CC1(C)CC[C@]2(C(=O)O[C@H]3O[C@H](CO)[C@@H](O)[C@H](O)[C@H]3O)CC[C@]3(C)C(=CCC4[C@@]5(C)CC[C@H](O[C@@H]6O[C@H](C(=O)O)[C@@H](O)[C@H](O)[C@H]6O)C(C)(C)C5CC[C@]43C)C2C1,3.536804834834046,0.7790233692668985,0.14165239396835635
DiaNat-DB,DiaNatDB-306,CC(=O)O[C@H]1[C@H](O[C@H]2CC[C@]34C[C@]35CC[C@]3(C)[C@@H]([C@@]6(C)CC[C@@H](C(C)(C)O)O6)[C@@H](O)C[C@@]3(C)C5C[C@H](O[C@@H]3O[C@H](CO)[C@@H](O)[C@H](O)[C@H]3O)C4C2(C)C)OC[C@@H](OC(C)=O)[C@@H]1O,4.233330459726203,1.2038572519382376,0.4095541420688885
DiaNat-DB,DiaNatDB-307,CC(=O)O[C@H]1[C@H](O[C@H]2CC[C@]34C[C@]35CC[C@]3(C)[C@@H]([C@@]6(C)CC[C@@H](C(C)(C)O)O6)[C@@H](O)C[C@@]3(C)C5C[C@H](O[C@@H]3O[C@H](CO)[C@@H](O)[C@H](O)[C@H]3O)C4C2(C)C)OC[C@@H](O)[C@@H]1O,4.055384004745711,0.8210664110376825,0.29914418089118033
DiaNat-DB,DiaNatDB-308,COc1c([C@H]2O[C@@H](CO)[C@H](O)[C@H](O)[C@@H]2O)cc2c(c1O)OC1C(=O)c3cc([C@@H]4O[C@H](CO)[C@@H](O)C(O)[C@H]4O)c(OC)c(O)c3OC1OC2=O,5.428421627798,-1.0196631376953156,-0.027752937356422296
DiaNat-DB,DiaNatDB-309,CCCCCCCCCCCCCc1ccc(/C=C2\CCC(C)O2)o1,-1.908548164265224,2.8454510790896603,0.4419933963441226
DiaNat-DB,DiaNatDB-31,O=c1c(O)c(-c2ccc(O)c(O)c2)oc2cc(O)cc(O)c12,0.10902677758009945,-0.6210949496782492,-0.6092187378206969
DiaNat-DB,DiaNatDB-310,O=C(/C=C/c1ccc(O)c(O)c1)OC[C@H]1O[C@@H](Oc2ccccc2O)[C@H](O)[C@@H](O)[C@@H]1O,1.6207770090486062,-0.2306257032046757,-0.15477739613091243
DiaNat-DB,DiaNatDB-311,O=C(OC[C@H]1O[C@@H](Oc2ccccc2O)[C@H](O)[C@@H](O)[C@@H]1O)c1cc2ccc(O)c3c2c(c1C(=O)OC[C@H]1O[C@@H](Oc2ccccc2O)[C@H](O)[C@@H](O)[C@@H]1O)-c1cc(O)c(O)cc1O3,6.086118507448757,0.826570574039866,0.4798308412439318
DiaNat-DB,DiaNatDB-312,O=C(/C=C/c1ccc(O)c(Oc2ccc(O)c(O[C@@H]3O[C@H](CO)[C@@H](O)[C@H](O)[C@H]3O)c2)c1)OC[C@H]1O[C@@H](Oc2ccccc2O)[C@H](O)[C@@H](O)[C@@H]1O,4.965903139487386,0.31430972167797183,0.4146651384205363
DiaNat-DB,DiaNatDB-313,C=C(C)[C@H](C)c1cc(/C=C/C(=O)c2ccc(O)cc2)c(OC)cc1O,-1.1284672818366208,1.0155011872499604,-0.1547354106554582
DiaNat-DB,DiaNatDB-314,COC(=O)C1=C[C@@H](O)C[C@@H]2C1[C@H](O)C[C@H]1C(=O)O[C@H](C3=COCC3)CC21C,-0.21752648160443308,-0.36115205457050914,-0.5051548644131141
DiaNat-DB,DiaNatDB-315,C[C@@]12C[C@@H](c3ccoc3)OC(=O)[C@@H]1C[C@@H]1OC(=O)[C@@]3(O)[C@@H](O[C@@H]4O[C@H](CO)[C@@H](O)[C@H](O)[C@H]4O)CC[C@@H]2[C@@]13C,2.1392280288340753,-0.44874794904278154,-0.25634974279312167
DiaNat-DB,DiaNatDB-316,COC(=O)C1=CCC[C@H]2[C@]3(C)C[C@@H](c4ccoc4)OC(=O)[C@@H]3C[C@H](O[C@@H]3OC(CO)[C@@H](O)[C@H](O)[C@H]3O)[C@@]12C,1.6404948901959187,0.10664043935655992,-0.1586497132432657
DiaNat-DB,DiaNatDB-317,COc1c(C)c(O)c(C)c(O)c1C(=O)/C=C/c1ccccc1,-1.2293039013627336,0.41922813452659596,-0.3576862826761586
DiaNat-DB,DiaNatDB-318,C/C=C(\C)C(=O)O[C@H]1C(C)(C)[C@H](CC(=O)OC)[C@]2(C)C(=O)[C@@]1(O)C=C1C3CC(=O)O[C@@H](c4ccoc4)[C@]3(C)CCC12,0.46577549795511114,1.2493677230341953,-0.08263681522263892
DiaNat-DB,DiaNatDB-319,C/C=C(\C)C(=O)O[C@@H]1[C@@H]2C=C3[C@@H]4CC(=O)O[C@@H](c5ccoc5)[C@]4(C)CC[C@@H]3[C@@](C)(C2=O)[C@@H]([C@@H](O)C(=O)OC)C1(C)C,0.4752019517222297,1.21550424931154,-0.08487222252266503
DiaNat-DB,DiaNatDB-32,O=c1c(-c2ccc(O)cc2)coc2cc(O)ccc12,-1.380730200722361,-0.2484344201660765,-0.6359186838351925
DiaNat-DB,DiaNatDB-320,O=C(O)/C=C/c1ccccc1,-2.2852122858838557,-0.4566035016746763,-0.6524876235412831
DiaNat-DB,DiaNatDB-321,O=C1OC[C@@H]2OC(=O)c3cc(O)c(O)c(O)c3-c3c(O)c(O)c(O)c4c3C(=O)O[C@@H]([C@H]3OC(=O)c5c-4c(O)c(O)c(O)c5[C@@H]3O)[C@@H]2OC(=O)c2cc(O)c(O)c(O)c2-c2c1cc(O)c(O)c2O,8.384190777260331,-0.823986222417684,-0.23843876109994522
DiaNat-DB,DiaNatDB-322,COC(=O)C(CCC=C(C)C)[C@H]1CC[C@@]2(C)C3CC[C@H]4C(C)(C)[C@@H](O)CC[C@]4(C)C3=CC[C@]12C,-1.5326049509057922,1.8928681431101306,-0.09318332476810358
DiaNat-DB,DiaNatDB-323,CC(=O)OCC1O[C@@H](O[C@H]2C(C)O[C@H](Oc3c(-c4ccc(O)cc4)oc4cc(O)cc(O)c4c3=O)[C@@H](O)C2O)C(O)C(O)[C@@H]1O,4.073105645860715,-0.22573813109645205,0.04608263348234855
DiaNat-DB,DiaNatDB-324,O=C(O)c1cc(O)c(O)c(O)c1Oc1cc2c(=O)oc3c(O)c(O)cc4c(=O)oc(c1O)c2c34,2.4026278393043086,-0.24375956959027392,-0.333790771205557
DiaNat-DB,DiaNatDB-325,OC[C@H]1O[C@@H](O[C@@H]2OC=C[C@H]3[C@H](O)[C@@H]4O[C@]4(CO)[C@@H]23)[C@H](O)[C@@H](O)[C@@H]1O,1.610081783023555,-1.538013742158639,-0.4258790233359953
DiaNat-DB,DiaNatDB-326,COc1ccc(/C=C/c2cc(O)cc(O[C@@H]3O[C@H](CO)[C@@H](O)[C@H](O)[C@H]3O)c2)cc1O,1.2908397055696423,-0.17762144914634068,-0.15993117395387801
DiaNat-DB,DiaNatDB-327,C[C@@H]1CCC2(C(=O)O[C@@H]3O[C@H](CO)[C@@H](O)[C@H](O)[C@H]3O)CC[C@]3(C)C(=CCC4[C@@]5(C)CCC(O[C@@H]6OC[C@H](O)[C@H](O)[C@H]6O)C(C)(C)C5CC[C@]43C)C2[C@]1(C)O,3.2738553087258047,0.4972105354389825,0.0380773460850093
DiaNat-DB,DiaNatDB-328,COC(=O)C12CC[C@@H](C)[C@@](C)(O)[C@H]1C1=CCC3[C@@]4(C)CCC(O[C@@H]5OC[C@H](O)[C@H](O)[C@H]5O)C(C)(C)C4CC[C@@]3(C)[C@]1(C)CC2,0.6772094429413694,0.9716369830263316,-0.18658711299447292
DiaNat-DB,DiaNatDB-329,C=C1CC(O)C2[C@](C)(CCC[C@@]2(C)C(=O)O)C1CCO,-1.1058565495673973,-0.1309104252597753,-0.4649428459670276
DiaNat-DB,DiaNatDB-33,O=c1c(-c2ccc(O)cc2)coc2cc(O)cc(O)c12,-0.8841445412882074,-0.372654596670134,-0.6270187018303606
DiaNat-DB,DiaNatDB-330,C=C1C(=O)OC2C=C(C)CCC=C(C(=O)OC)C(O)C(OC(=O)C(C)=CC)C12,-0.3758034148500061,0.10344410909316953,-0.4047955295860538
DiaNat-DB,DiaNatDB-331,O=C(O)C1C[C@H](O)CCN1,-1.6048323272722818,-1.8469334092165952,0.9052260574744164
DiaNat-DB,DiaNatDB-332,CC1(C)C=C2C3CCC4[C@@]5(C)CC[C@H](O)C(C)(C)C5CC[C@@]4(C)[C@]3(C)CCC2(C(=O)O)CC1,-1.6147211398491939,1.2198058807778869,-0.41616522656187255
DiaNat-DB,DiaNatDB-333,CC1=CC(=O)c2c(O)cccc2C1=O,-1.9059550338795521,-0.701768938287247,-0.7815353493361855
DiaNat-DB,DiaNatDB-334,CC(C)(O)/C=C/CCCC1CC[C@@]2(C)C3CCC4C(C)(C)C(O)CCC45CC35CC[C@]12C,-1.6615435287690756,1.7574756567064096,-0.10912435356267468
DiaNat-DB,DiaNatDB-335,CCc1cc(-c2c(O)cc(O)c3c(=O)c(O)c(-c4ccc(OC)c(O)c4O)oc23)c(O)c2c(=O)cc(-c3ccc(OC)c(O)c3)oc12,2.7256003829455335,1.2501121932053634,0.07736430174902449
DiaNat-DB,DiaNatDB-336,O=C(/C=C/c1ccc(O)cc1)OC[C@H]1O[C@H](Oc2c(-c3ccc(O)cc3)oc3cc(O)cc(O)c3c2=O)C(O)[C@@H](O)[C@@H]1O,2.8914844746612385,0.42341295377322286,0.06164826443974876
DiaNat-DB,DiaNatDB-337,CC(C)=CCC[C@]1(C)C=Cc2c(c(C)cc3c2[nH]c2cc(O)ccc23)O1,-2.0354608837798094,0.5742497629054996,1.3185358536811196
DiaNat-DB,DiaNatDB-338,CC(C)=CCCC1(C)C=Cc2c(c(C)cc3c2[nH]c2ccccc23)O1,-2.5320465432139625,0.698469939409557,1.3096358716762877
DiaNat-DB,DiaNatDB-339,COc1cc(/C=C/CO)cc(OC)c1O[C@@H]1O[C@H](CO)[C@@H](O)[C@@H](O)[C@H]1O,1.137863361712599,-0.4454125914651705,-0.1474616224471009
DiaNat-DB,DiaNatDB-34,O=c1cc(-c2ccc(O)cc2)oc2cc(O)cc(O)c12,-0.8841445412882074,-0.372654596670134,-0.6270187018303606
DiaNat-DB,DiaNatDB-340,O=C1C=C(c2ccc(O)c(O)c2)C2C(=CC(O)=CC2O[C@@H]2O[C@H](CO)[C@H](O)[C@@H](O)[C@H]2O)O1,2.0789564715683055,-0.8030966314680491,-0.3146586799846884
DiaNat-DB,DiaNatDB-35,COc1ccc(-c2cc(=O)c3c(O)cc(O[C@@H]4O[C@@H](CO[C@@H]5O[C@@H](C)[C@H](O)[C@@H](O)[C@H]5O)[C@@H](O)[C@H](O)[C@H]4O)cc3o2)cc1O,3.745878614692944,-0.31281351501577953,0.023139874744910877
DiaNat-DB,DiaNatDB-36,O=c1c(O)c(-c2ccc(O)cc2)oc2cc(O)cc(O)c12,-0.387558881854054,-0.49687477317419165,-0.6181187198255287
DiaNat-DB,DiaNatDB-37,O=C1C[C@@H](c2ccc(O)c(O)c2)Oc2cc(O)cc(O)c21,-0.40176446532832083,-0.5045592338447037,-0.6188803194205874
DiaNat-DB,DiaNatDB-38,O=C1C[C@@H](c2ccc(O)cc2)Oc2cc(O)cc(O)c21,-0.8983501247624741,-0.38033905734064616,-0.6277803014254193
DiaNat-DB,DiaNatDB-39,COc1cc(O[C@H]2OC[C@@H](O[C@@H]3OC[C@H](O)[C@H](O)[C@@H]3O)[C@@H](O)[C@H]2O)c2c(=O)c3c(O)c(O)ccc3oc2c1,3.0869241154239084,-0.6941621082962229,-0.1912653724569687
DiaNat-DB,DiaNatDB-40,COc1ccc([C@@H]2CC(=O)c3c(O)cc(O[C@@H]4O[C@H](CO[C@@H]5O[C@@H](C)[C@H](O)[C@@H](O)[C@H]5O)[C@@H](O)[C@H](O)[C@H]4O)cc3O2)cc1O,3.731673031218677,-0.32049797568629196,0.02237827514985215
DiaNat-DB,DiaNatDB-41,O=c1cc(-c2ccccc2)oc2cc(O)c(O)c(O)c12,-0.8841445412882074,-0.372654596670134,-0.6270187018303606
DiaNat-DB,DiaNatDB-42,O=c1cc(-c2ccccc2)oc2cc(O)cc(O)c12,-1.380730200722361,-0.2484344201660764,-0.6359186838351925
DiaNat-DB,DiaNatDB-43,Oc1cc(O)c2c(c1)O[C@H](c1ccc(O)c(O)c1)[C@@H](O)C2,-0.19690659066824598,-0.713038549776916,-0.6241951936838654
DiaNat-DB,DiaNatDB-44,O=c1c(O)c(-c2ccc(O)cc2O)oc2cc(O)cc(O)c12,0.1090267775800995,-0.6210949496782494,-0.6092187378206969
DiaNat-DB,DiaNatDB-45,COc1ccc(/C=C/C(=O)CC(=O)/C=C/c2ccc(O)c(OC)c2)cc1O,-0.3624922932499038,0.9779973878372291,-0.0024584368070595213
DiaNat-DB,DiaNatDB-46,COc1cc2c(c(OC)c1OC)-c1ccc(OC)c(=O)cc1[C@@H](NC(C)=O)CC2,-0.7839057192079928,0.10767454536012576,1.4415749549653292
DiaNat-DB,DiaNatDB-47,Oc1ccc(/C=C/c2cc(O)cc(O)c2)cc1,-1.5038306672743882,-0.17040573901739078,-0.5684300199187338
DiaNat-DB,DiaNatDB-48,Cc1cc(O)c2c(c1)C(=O)c1cc(O)cc(O)c1C2=O,-0.8607390647794922,-0.6720005930833307,-0.7148852336545772
DiaNat-DB,DiaNatDB-49,Oc1cc(O)c2c(c1)O[C@H](c1ccc(O)c(O)c1)[C@H](O)[C@H]2c1c(O)cc(O)c2c1O[C@H](c1ccc(O)c(O)c1)[C@@H](O)C2,2.849277227523487,0.010894872976026775,-0.227725624534911
DiaNat-DB,DiaNatDB-5,OC1CCN2Cc3ccccc3N=C12,-2.5483701037270743,-1.730321798979375,2.562190785036923
DiaNat-DB,DiaNatDB-50,O=C(O)c1cc(O)c(O)c(O)c1,-0.8666903773640217,-1.1084236835107897,-0.7296675635236445
DiaNat-DB,DiaNatDB-51,C[C@@H]1O[C@@H](OC[C@H]2O[C@@H](Oc3c(-c4ccc(O)c(O)c4)oc4cc(O)cc(O)c4c3=O)[C@H](O)[C@@H](O)[C@@H]2O)[C@H](O)[C@H](O)[C@H]1O,4.391744850314376,-0.7327491485010654,-0.055427345690528
DiaNat-DB,DiaNatDB-52,OC[C@H]1O[C@@H](Oc2cc(O)cc3[o+]c(-c4cc(O)c(O)c(O)c4)c(O[C@H]4O[C@H](CO)[C@@H](O)[C@H](O)[C@H]4O[C@H]4OC[C@@H](O)[C@H](O)[C@H]4O)cc23)[C@H](O)[C@@H](O)[C@@H]1O,6.848669207825414,-0.9237899487241552,0.25266610060967654
DiaNat-DB,DiaNatDB-53,C[C@@H](O)[C@@H](O)[C@@H]([C@@H](O)C=O)N(C)C,-0.9201640006035982,-1.4859114380302672,1.2353168282237406
DiaNat-DB,DiaNatDB-54,O=c1oc2c(O)c(O)cc3c(=O)oc4c(O)c(O)cc1c4c23,0.21670536892586667,-0.8856755552162846,-0.7048784431146298
DiaNat-DB,DiaNatDB-55,Oc1cc(O)c2cc(O)c(-c3ccc(O)c(O)c3)[o+]c2c1,-0.37492730684113984,-0.3898989286933242,-0.6057392935152155
DiaNat-DB,DiaNatDB-56,Oc1cc(O)c2c(c1)O[C@H](c1ccc(O)c(O)c1)[C@H](O)C2,-0.19690659066824598,-0.713038549776916,-0.6241951936838654
DiaNat-DB,DiaNatDB-57,C[C@@H]1C[C@@H](OC[C@H]2C[C@@H](Oc3cc(O)c4c(c3)OC(c3ccc(O)cc3)CC4=O)[C@H](O)[C@@H](O)[C@@H]2O)[C@H](O)[C@H](O)[C@H]1O,2.8047514488962024,-0.14049176973048721,-0.04751906477225741
DiaNat-DB,DiaNatDB-59,O=C(CCc1ccc(O)cc1)c1c(O)cc(O)cc1O[C@@H]1O[C@H](CO)[C@@H](O)[C@H](O)[C@H]1O,1.901168505936408,-0.2620450948017831,-0.07583693761732506
DiaNat-DB,DiaNatDB-6,C=C(C)C(=O)O[C@H]1CC(C)=C2C(=O)C=C(CO)[C@@H]2[C@H]2OC(=O)C(=C)[C@@H]21,-0.662517019646903,-0.14168548532890834,-0.4461975716444218
DiaNat-DB,DiaNatDB-60,O=C(CCc1ccc(O)cc1)c1c(O)cc(O)cc1O,-0.5461967836607473,-0.08333410419566231,-0.387968599137078
DiaNat-DB,DiaNatDB-61,COc1cc(-c2oc3cc(O)cc(O)c3c(=O)c2O)ccc1O,-0.04025379860717908,-0.3253794926970206,-0.5217515353804261
DiaNat-DB,DiaNatDB-62,O=C(/C=C/c1ccc(O)c(O)c1)O[C@@H]1C[C@](O)(C(=O)O)C[C@@H](O)[C@H]1O,1.1358525922648204,-0.8400095946237002,-0.37897794627564546
DiaNat-DB,DiaNatDB-63,Oc1cc(O)c2cc(O[C@@H]3OC[C@H](O)[C@H](O)[C@H]3O)c(-c3cc(O)c(O)c(O)c3)[o+]c2c1,1.9769062061303073,-0.6488764034871011,-0.3770437977458544
DiaNat-DB,DiaNatDB-64,Oc1ccc(-c2[o+]c3cc(O)cc(O)c3cc2O)cc1,-0.8715129662752931,-0.26567875218926684,-0.6146392755200474
DiaNat-DB,DiaNatDB-65,OC[C@H]1OC(Oc2cc3c(O)cc(O)cc3[o+]c2-c2ccc(O)c(O)c2)C(O)C(O)C1O,2.0724379827560155,-0.568609919299445,-0.29360763199546264
DiaNat-DB,DiaNatDB-66,CCCCCCCCCC/C=C/CCCCCC(=O)O,-1.716870508565363,2.560149971641062,0.5331867131830379
DiaNat-DB,DiaNatDB-67,CCCCCCC/C=C/C/C=C/CCCCCC(=O)OC,-1.835810780745341,2.471199902094345,0.45666075776088155
DiaNat-DB,DiaNatDB-68,CCCCC[C@H](O)CC(=O)CCc1ccc(O)c(OC)c1,-0.9451218344791436,1.1203213636104745,0.10376447629632014
DiaNat-DB,DiaNatDB-69,COc1cc(C2OCC3C(c4ccc(O)c(OC)c4)OCC23)ccc1O,-0.6399565532337917,0.3988472159234452,-0.33110170052857457
DiaNat-DB,DiaNatDB-7,O=c1ccc2ccc(O)cc2o1,-1.9673066572492315,-0.8011693014012178,-0.8054429024459342
DiaNat-DB,DiaNatDB-70,COc1cc(/C=C/C(=O)CC(=O)/C=C/c2ccc(O)cc2)ccc1O,-0.7097973764967788,0.806502107360058,-0.09882562125216231
DiaNat-DB,DiaNatDB-71,O=C(/C=C/c1ccc(O)cc1)CC(=O)/C=C/c1ccc(O)cc1,-1.057102459743654,0.635006826882887,-0.19519280569726508
DiaNat-DB,DiaNatDB-72,CC(C)=CC(=O)C[C@H](C)c1ccc(C)cc1,-2.55439228516283,0.5482504699031326,-0.41099336990338753
DiaNat-DB,DiaNatDB-73,OC[C@H]1O[C@@H](Oc2cc(O)cc(-c3cc4ccc(O)cc4o3)c2)[C@H](O)[C@@H](O)[C@@H]1O,1.1766221041013654,-0.4251551367009105,-0.3237503010223424
DiaNat-DB,DiaNatDB-74,CC(C)=CCc1c(O)ccc2cc(-c3cc(O)c([C@@H]4C=C(C)C[C@@H](c5ccc(O)cc5O)[C@@H]4C(=O)c4ccc(O)cc4O)c(O)c3)oc12,1.558737660079186,2.1712323905192403,0.21838639644781802
DiaNat-DB,DiaNatDB-75,O=c1c(O[C@@H]2O[C@H](CO)[C@@H](O)[C@H](O)[C@H]2O)c(-c2ccc(O)cc2)oc2cc(O)cc(O)c12,2.0598064077431015,-0.6755857637803119,-0.3059870583057757
DiaNat-DB,DiaNatDB-76,C=C1C(=O)O[C@H]2[C@H]1[C@H](OC(=O)[C@@]1(C)O[C@H]1C)[C@@H](OC(C)=O)/C(C(=O)OC)=C\CC[C@@]1(C)O[C@H]21,0.49338980058122756,0.12513445017390687,-0.30190347258237804
DiaNat-DB,DiaNatDB-77,C[C@@H]1O[C@@H](Oc2cc(O)c3c(=O)c(O[C@@H]4O[C@@H](C)[C@H](O)[C@@H](O)[C@H]4O)c(-c4ccc(O)cc4)oc3c2)[C@H](O)[C@H](O)[C@H]1O,3.329081839418596,-0.5277780615579559,-0.14569240923674684
DiaNat-DB,DiaNatDB-78,[H]/N=C(\N)NCC=C(C)C,-2.5692437682530844,-2.371011000169638,4.349516836381124
DiaNat-DB,DiaNatDB-79,C=C(C)[C@@H]1CC[C@]2(CO)CC[C@]3(C)[C@H](CC[C@@H]4[C@@]5(C)CCC(O)C(C)(C)[C@@H]5CC[C@]43C)[C@@H]12,-1.77628393723939,1.290336619807763,-0.34874807077197545
DiaNat-DB,DiaNatDB-8,OCCc1ccc(O)c(O)c1,-1.5011275612078272,-0.8685095563460412,-0.6596270646775466
DiaNat-DB,DiaNatDB-80,O=c1c(O[C@@H]2O[C@H](CO)[C@@H](O)C(O)[C@H]2O[C@@H]2O[C@H](CO)[C@@H](O)[C@H](O)[C@H]2O)c(-c2ccc(O[C@@H]3OC(CO)[C@@H](O)[C@H](O)[C@H]3O)cc2)oc2cc(O)cc(O)c12,6.931569409438207,-0.9504993090173632,0.3237228400497554
DiaNat-DB,DiaNatDB-81,CC(=O)O[C@H]1CC[C@@]2(C)C(CC[C@]3(C)C2CC=C2[C@@H]4CC(C)(C)CC[C@]4(C(=O)O)CC[C@]23C)C1(C)C,-1.436774684868701,1.6025967216784425,-0.30575526538416425
DiaNat-DB,DiaNatDB-82,O=c1oc2cc(O)c(CC=C(CO)CO)cc2cc1-c1cc2c(cc1O)OCO2,0.5179073698548142,0.1587662830618693,-0.2338417530668511
DiaNat-DB,DiaNatDB-83,O=C(O)Cc1ccc(O)cc1,-1.7822277527133767,-0.7154208962073257,-0.6597870353617703
DiaNat-DB,DiaNatDB-84,COc1cc(/C=C/c2ccc(O[C@H]3O[C@H](CO)[C@@H](O)[C@H](O)[C@H]3O)cc2)oc(=O)c1,0.9555731548045204,-0.1988357466356593,-0.18580247469273792
DiaNat-DB,DiaNatDB-85,COc1cc(/C=C/c2ccc(O[C@H]3O[C@H](CO[C@H]4O[C@H](CO)[C@@H](O)C(O)[C@H]4O)[C@@H](O)[C@H](O)[C@H]3O)cc2)oc(=O)c1,3.3799708669024713,-0.29503830126659264,0.1317757621430399
DiaNat-DB,DiaNatDB-86,COc1cc(O[C@@H]2O[C@H](CO[C@@H]3OC[C@@](O)(CO)C3O)[C@@H](O)C(O)[C@H]2O)c2c(-c3ccc(O)c(O)c3)cc(=O)oc2c1,3.787197658674519,-0.2984804730181948,0.08513962824792655
DiaNat-DB,DiaNatDB-87,C[C@@H]1C(=O)C=C2[C@H]1CN(C)C[C@@H]2C,-2.704971644614038,-1.184036385151647,0.8779091577400492
DiaNat-DB,DiaNatDB-88,COC(=O)C[C@H]1C(C)(C)[C@H](OC(C)=O)[C@]2(O)C=C3C4CC(=O)O[C@@H](c5ccoc5)[C@]4(C)CCC3[C@@]1(C)C2=O,0.40181674123971506,0.8137254454609669,-0.20538848178380653
DiaNat-DB,DiaNatDB-89,COC(=O)C[C@H]1C(C)(C)[C@H](OC(C)=O)[C@@]2(O)C(=O)[C@]1(C)C1CC[C@]3(C)C(CC(=O)O[C@H]3c3ccoc3)[C@]13O[C@@H]32,0.7474401214650855,0.6331751955510572,-0.20914743387082288
DiaNat-DB,DiaNatDB-9,O=C/C=C/c1ccccc1,-2.675281077442538,-0.38575058498326353,-0.6630921256121602
DiaNat-DB,DiaNatDB-90,COc1ccc(-c2cc(=O)c3c(O)cc(O)cc3o2)cc1,-1.0334251174754858,-0.07693913968890537,-0.5395514993900897
DiaNat-DB,DiaNatDB-91,COc1ccc(-c2cc(=O)c3c(O)cc(O)cc3o2)cc1O,-0.5368394580413323,-0.20115931619296304,-0.5306515173852578
DiaNat-DB,DiaNatDB-92,COc1cc(-c2cc(=O)c3c(O)c(O)c(OC)cc3o2)ccc1Oc1ccc(-c2cc(=O)c3c(O)c(O)c(OC)cc3o2)cc1OC,2.176958438719395,1.8152317742092754,0.22328658754757538
DiaNat-DB,DiaNatDB-93,C[C@@H]1CC[C@@]23COC(=O)C2=C[C@@H](O[C@@H]2O[C@H](CO)[C@@H](O)[C@H](O)[C@H]2O)CC3[C@@]1(C)CCc1ccoc1,1.0438782233637038,0.2847312823889076,-0.10140142819149707
DiaNat-DB,DiaNatDB-94,COc1cc2oc(-c3ccc(O)c(O)c3)cc(=O)c2c(O)c1O,-0.04025379860717901,-0.32537949269702043,-0.521751535380426
DiaNat-DB,DiaNatDB-95,OC[C@H]1NC[C@H](O)[C@@H]1O,-1.2786322587290109,-2.292381589166981,0.8775446951940855
DiaNat-DB,DiaNatDB-96,CC1(C)[C@@H](O)CC[C@]2(C)[C@H]3C(=O)C=C4[C@@H]5C[C@@](C)(C(=O)O)CC[C@]5(C)CC[C@@]4(C)[C@]3(C)CC[C@@H]12,-1.2447557512897314,1.0230052383025297,-0.4205037854973108
DiaNat-DB,DiaNatDB-97,OC[C@H]1NC[C@@H](O)[C@@H](O)[C@@H]1O,-0.7310110394404383,-2.4695979778705723,0.8914882685387777
DiaNat-DB,DiaNatDB-98,OC[C@H]1NC[C@H](O)[C@@H](O)[C@@H]1O,-0.7310110394404383,-2.4695979778705723,0.8914882685387777
DiaNat-DB,DiaNatDB-99,OC[C@H]1N[C@H](CO)[C@@H](O)[C@@H]1O,-0.6865148226691488,-2.3363352814833833,0.9698808429493091
SG-accumulated,162866484,C[C@H](CO)c1c(O)c(O[C@@H]2O[C@H](COS(=O)(=O)O)[C@@H](O)[C@H](O)[C@H]2O)c2c3c(cc(CO)cc13)OC2,2.8403712774773817,-0.21310384064407853,0.03962443912218834
SG-accumulated,5282102,O=c1c(O[C@@H]2O[C@H](CO)[C@@H](O)[C@H](O)[C@H]2O)c(-c2ccc(O)cc2)oc2cc(O)cc(O)c12,2.0598064077431015,-0.6755857637803119,-0.3059870583057757
SG-accumulated,447791,CCCCCCCCCCCCCCC(=O)O[C@H](COC(=O)CCCCCCCCCCCC)COP(=O)(O)O,1.0477322509905962,5.636427356841302,1.9664836572378976
SG-accumulated,311,O=C(O)CC(O)(CC(=O)O)C(=O)O,-0.14328405078099102,-0.9841966185146911,-0.43304728497941813
SG-accumulated,5793,OC[C@H]1OC(O)[C@H](O)[C@@H](O)[C@@H]1O,-0.10866189871115435,-2.0532708362469783,-0.7797235919081325
SG-accumulated,441574,CCCCC[C@H]1CCC(=O)O1,-2.3194665593232124,-0.00712421530249424,-0.4870874177401234
SG-accumulated,23642717,COc1c(O)c(C)cc2c1C(=O)C(=O)C=C2C(C)C,-1.4802364178842884,-0.1278252302758044,-0.5633800225068157
SG-accumulated,163033482,COc1cccc(OC)c1[C@@H]1OC[C@@H]2[C@H]1CO[C@H]2c1c(OC)cccc1OC,-0.9385177056083485,0.9902781298859025,-0.15616729564803275
SG-accumulated,439341,OC[C@H]1O[C@H](O[C@H]2[C@H](O)[C@@H](O)[C@@H](O)O[C@@H]2CO)[C@H](O)[C@@H](O)[C@@H]1O,2.3157358133867962,-2.1494733908779113,-0.46214535507235455
SG-accumulated,444539,O=C(O)/C=C/c1ccccc1,-2.2852122858838557,-0.4566035016746763,-0.6524876235412831
SG-accumulated,102430,CCCCCCCCCCCCCCCCCCCCCCC(O)C(=O)O,-0.853495580555081,3.970846106910308,1.183058912468474
SG-accumulated,129847920,CCCCCCCC/C(=C\C(=O)CCCCCCCC(=O)OC)OC,-1.0348821957517884,2.8806594732000184,0.7263500938804696
SG-accumulated,11354754,CC1(C)CC[C@]2(C(=O)O)CC[C@]3(COC(=O)/C=C/c4ccc(O)c(O)c4)C(=CC[C@@H]4[C@@]5(C)CC[C@H](OC(=O)/C=C/c6ccc(O)cc6)C(C)(C)[C@@H]5CC[C@]43C)[C@@H]2C1,1.134265582382062,3.130323792966657,0.40392390715936943
SG-accumulated,5274625,COc1cc(/C=C/C(=O)O[C@H]2CC[C@@]3(C)C(CC[C@]4(C)C3CC=C3[C@@H]5CC(C)(C)CC[C@]5(C(=O)O)CC[C@]34COC(=O)/C=C/c3ccc(O)c(O)c3)C2(C)C)ccc1O,1.4815706656289378,3.301819073443828,0.5002910916044726
SG-accumulated,57172986,O=C(O)CCCCCCCCCCCCCCCCC(O)(O)O,-0.05016353108421091,2.156770489761949,0.6982776915415192
SG-accumulated,11953803,COc1cc2c(cc1O[C@@H]1O[C@H](CO)[C@@H](O)[C@H](O)[C@H]1O)OC(=O)CC2,0.8254498091700921,-0.8602259379361894,-0.4006205279128818
SG-accumulated,5320006,CC1(C)CCC2=C(O1)C(=O)c1c(O)cccc1C2=O,-1.5798829545669406,-0.3748102624164044,-0.7201029459999126
SG-accumulated,323,O=c1ccc2ccccc2o1,-2.4638923166833844,-0.6769491248971602,-0.814342884450766
SG-accumulated,6441104,CC(=O)OC(C)(C)/C=C/C(=O)[C@](C)(O)[C@H]1[C@H](O)C[C@@]2(C)[C@@H]3CC=C4[C@@H](C[C@H](O[C@@H]5O[C@H](CO)[C@@H](O)[C@H](O)[C@H]5O)C(=O)C4(C)C)[C@]3(C)C(=O)C[C@]12C,3.0846417359629066,0.765636703854295,0.22503450647621606
SG-accumulated,11692717,C=C(C)[C@@H]1CC[C@]2(C(=O)O)CC[C@]3(COC(=O)c4ccccc4)[C@H](CC[C@@H]4[C@@]5(C)CC[C@H](O)C(C)(C)[C@@H]5CC[C@]43C)[C@@H]12,-0.7078962026485989,2.1000049987618334,-0.00923409848216981
SG-accumulated,8103,CCCCCCO,-2.4679874735973963,-0.31412263769333837,-0.5302128681739198
SG-accumulated,10508776,O=C(/C=C/c1ccc(O[C@@H]2O[C@H](CO)[C@@H](O)[C@H](O)[C@H]2O)c(O)c1)O[C@@H](Cc1ccc(O[C@@H]2O[C@H](CO)[C@@H](O)[C@H](O)[C@H]2O)c(O)c1)C(=O)O,5.529469648327239,-0.2662382051905474,0.4422477221881477
SG-accumulated,12088,O=Cc1ccc(C(=O)O)cc1,-1.9549401771225003,-0.6224204906659044,-0.6620951947364718
SG-accumulated,163195750,C=Cc1coc(CCCC)c1,-2.6617967671945792,0.24199325147949285,-0.47295433605680076
SG-accumulated,44552029,COC(=O)[C@H]1O[C@@H](Oc2cc(O)c3c(=O)c(O[C@H]4O[C@@H](CO)[C@H](O)[C@@H](O)[C@@H]4OC(=O)/C=C/c4ccc(O)c(O)c4)c(-c4ccc(O)cc4)oc3c2)[C@H](O)[C@@H](O)[C@@H]1O,5.965917820493402,0.25032827737034136,0.39825483257930283
SG-accumulated,44552030,COC(=O)[C@H]1O[C@@H](Oc2cc(O)c3c(=O)c(O[C@H]4O[C@@H](CO)[C@H](O)[C@@H](O)[C@@H]4O)c(-c4ccc(O)cc4)oc3c2)[C@H](O)[C@@H](O)[C@@H]1O,4.637654094141111,-0.7244502636791352,0.021719527828946556
SG-accumulated,798,c1ccc2[nH]ccc2c1,-3.0571346509540485,-1.1329867608162905,0.8522776993049849
SG-accumulated,12097,Cc1ccc(C=O)o1,-2.466898998411857,-0.707867568528474,-0.7687312396684979
SG-accumulated,107526,O=C[C@H](O)[C@@H](O)[C@H](O)[C@H](O)CO,0.12508764325424968,-1.5652527538201457,-0.46615440792888796
SG-accumulated,12799212,CC1=C(O)C(=O)O[C@@H]1C,-2.010991707287684,-1.0377820518478045,-0.8432595428372174
SG-accumulated,479957,C=C(C)[C@@H]1CC[C@]2(CO)CC[C@]3(C)[C@H](CC[C@@H]4[C@@]5(C)CC[C@H](OC(C)=O)C(C)(C)[C@@H]5CC[C@]43C)[C@@H]12,-1.5983374822588967,1.6731274607083184,-0.23833810959426716
SG-accumulated,11194416,C[C@@H]([C@H](N)C(=O)O)[C@@H](C)O,-1.4457412497294704,-1.5363806845088424,1.0714478728407817
SG-accumulated,1711945,CC(=O)CC/C=C(\C)CC/C=C(\C)CCC=C(C)C,-2.3527985693136606,1.7180959495450048,0.042290176037000096
SG-accumulated,102239783,CC1=C2OC(C)(C)c3cc(O)c(C=O)c(c32)C(=O)C1=O,-1.1767448686469328,-0.39766974007020967,-0.6433636494447742
SG-accumulated,5280536,COc1cc(/C=C/C=O)ccc1O,-1.8313903347615101,-0.33847548101015,-0.5578249591622255
SG-accumulated,128853,Oc1cc(O)c2cc(O)c(-c3cc(O)c(O)c(O)c3)[o+]c2c1,0.12165835259301373,-0.514119105197382,-0.5968393115103837
SG-accumulated,5466138,COc1ccc(-c2oc3c(OC)c(OC)cc(O)c3c(=O)c2OC)cc1,-0.48809552716901405,0.5617668782466658,-0.25934992805961316
SG-accumulated,636576,Cc1cc2c(C(C)C)c(O)cc(C)c2oc1=O,-1.8942168533593469,-0.1189093976417375,-0.6480997573083936
SG-accumulated,163057526,C[C@@H]1O[C@H](Oc2c(O)cc(O)c3c(=O)c(O)c(-c4ccc(O)c(O)c4)oc23)[C@H](O)[C@H](O)[C@H]1O,2.463932797650578,-0.7607667703741892,-0.36410560052147417
SG-accumulated,78162875,Cc1c(O)c(O)c2c(c1C=O)C1OC(O2)c2c(O)c(O)c(O)c(C)c2C1=O,0.7628796454597719,-0.5284532004809263,-0.5633977571998002
SG-accumulated,101182982,C[C@@H]([C@H]1[C@@H](O)C[C@@]2(C)[C@@H]3CC[C@H]4C(C)(C)[C@@H](O[C@@H]5O[C@H](CO)[C@@H](O[C@@H]6O[C@@H](C)[C@H](O)[C@@H](O)[C@H]6O)[C@H](O)[C@H]5O)CC[C@@]45C[C@@]35CC[C@]12C)[C@H]1C[C@H](O)C(C)(C)O1,3.3452831327511428,0.8206157930219664,0.20541534275082232
SG-accumulated,101204053,Cc1cc2cccc(C)c2cc1O[C@@H]1O[C@H](CO)[C@@H](O)[C@H](O)[C@H]1O,-0.16122408591985055,-0.5092519041082672,-0.45488916543408486
SG-accumulated,5460372,C=C1C[C@]23C[C@@]1(O)CC[C@H]2[C@@]12CCC[C@@](C)(C(=O)OC1)[C@H]2[C@@H]3C(=O)O,-1.0006156476519907,-0.16177744201503763,-0.577225231906277
SG-accumulated,440835,Oc1cc(O)c2c(c1)O[C@H](c1cc(O)c(O)c(O)c1)[C@@H](O)[C@H]2O,0.8103095555685572,-1.011933363633429,-0.60972584693524
SG-accumulated,5320834,O=c1c(O[C@@H]2O[C@H](CO[C@@H]3O[C@H](CO)[C@@H](O)[C@H](O)[C@H]3O)[C@@H](O)[C@H](O)[C@H]2O)c(-c2ccc(O)c(O)c2)oc2cc(O)cc(O)c12,4.980789779275206,-0.8960084949153038,0.02049116053483398
SG-accumulated,1183,COc1cc(C=O)ccc1O,-1.9026254045441358,-0.6176351333340909,-0.6617048451590825
SG-accumulated,5468749,COc1ccc(-c2oc3cc(OC)cc(O)c3c(=O)c2OC)cc1,-0.835400610415889,0.3902715977694945,-0.355717112504716
SG-accumulated,10630882,C[C@H]1[C@H](N)C(=O)O[C@@H]1C,-2.1997513558030284,-1.7201857538227707,0.8238270910732686
SG-accumulated,5280379,C=C1C[C@]23C[C@@]1(O)CC[C@H]2[C@@]12CC[C@H](O)[C@@](C)(C(=O)O1)[C@H]2[C@@H]3C(=O)O,-0.4682518992565514,-0.5448696643163429,-0.5939559961883195
SG-accumulated,10582821,CCCC(=S)OCC,-2.59784879794139,-0.19620671070630644,-0.5820973295660654
SG-accumulated,162957279,C[C@@H]1Cc2c(C=O)cccc2OO1,-2.1320618884103055,-0.508579308628187,-0.7184363495547782
SG-accumulated,10256,O=Cc1c[nH]c2ccccc12,-2.655627472410067,-1.0196440974835779,0.946550014106653
SG-accumulated,162972958,C[C@@H]1O[C@@H](Oc2cc(O)c3c(=O)c(O[C@@H]4OC[C@@H](O)[C@H](O)[C@H]4O)c(-c4ccc(O)c(O)c4)oc3c2)[C@H](O)[C@H](O)[C@H]1O,3.8225949917537183,-0.7713038921598504,-0.1532100687617766
SG-accumulated,440265,CC(=O)C=CC1(O)C(C)=CC(=O)CC1(C)C,-1.753626920300738,-0.3458833488915298,-0.5980842941979931
SG-accumulated,14681438,COc1cc(C2Oc3c(OC)cc(CCCO)cc3C2CO)ccc1OC1OC(CO)C(O)C(O)C1O,2.1897123379874013,0.4088297625096922,0.21369177275500853
SG-accumulated,101204054,COc1cc([C@@H]2Oc3c(OC)cc(/C=C/C(=O)NCCc4ccc(O)cc4)cc3[C@H]2CO)ccc1O,0.33139123691085837,0.813099665611031,1.8473762980253159
SG-accumulated,5281647,O=c1c2cc(O)c(O)cc2oc2cc(O)c([C@@H]3O[C@H](CO)[C@@H](O)[C@H](O)[C@H]3O)c(O)c12,2.151253616596043,-1.1682616901938025,-0.48336599038080147
SG-accumulated,28619,COc1ccc2c(c1)OC(C)(C)C=C2,-2.469054273757138,-0.18827719283765385,-0.690088857351491
SG-accumulated,996,Oc1ccccc1,-2.651437666334992,-0.9024730771439743,-0.8523443444058534
SG-accumulated,73172655,CC(C)=CCc1cc2c(c(C=O)c1O)CCC(C=CC(C)O)O2,-1.1301210204750647,0.523845048225455,-0.2701873285919479
SG-accumulated,129881889,O=c1oc2ccc(O)cc2c(O)c1Cc1c(O)c2cc(O)ccc2oc1=O,0.37453969263970965,-0.25220706220607597,-0.48361590142779903
SG-accumulated,25310,C[C@@H]1OC(O)[C@H](O)[C@H](O)[C@H]1O,-0.6977068276719848,-1.8900114898327398,-0.8556420981334946
SG-accumulated,10187514,O=C(O)CC(=O)OC[C@@H]1O[C@H](Oc2c(-c3ccc(O)c(O)c3)oc3cc(O)cc(O)c3c2=O)[C@@H](O)[C@H](O)[C@H]1O,3.5863329772268204,-0.2984616119701365,-0.007183561014526534
SG-accumulated,21579640,CC(C)(O)/C=C/C(=O)[C@](C)(O)[C@H]1[C@H](O)C[C@@]2(C)[C@@H]3CC=C4[C@@H](C[C@H](O[C@@H]5O[C@H](CO)[C@@H](O)[C@H](O)[C@H]5O)C(=O)C4(C)C)[C@]3(C)C(=O)C[C@]12C,2.906695280982413,0.3828458629537393,0.11462454529850764
SG-accumulated,11072668,O=c1c(O[C@@H]2O[C@H](CO[C@@H]3O[C@H](CO)[C@@H](O)[C@H](O)[C@H]3O)[C@H](O)[C@H](O)[C@H]2O)c(-c2ccc(O)cc2)oc2cc(O[C@@H]3O[C@@H](CO)[C@H](O)[C@H]3O)cc(O)c12,6.383948190149635,-0.7732829203137745,0.30977926670506295
SG-accumulated,9978316,CC1=CC(=O)CC(C)(C)[C@@]1(O)/C=C/C(=O)CO[C@@H]1O[C@H](CO)[C@@H](O)[C@H](O)[C@H]1O,1.2598157207580436,-0.6053452499367021,-0.20458755113685323
SG-accumulated,14340,COc1cc(CCC(=O)O)ccc1O,-1.3874586112868632,-0.29098126553689657,-0.46858481435392857
SG-accumulated,72732,CC1(C)CCC2=C(O1)C(=O)c1ccccc1C2=O,-2.0764686140010937,-0.25059008591234677,-0.7290029280047445
SG-accumulated,85524814,CCCCCCC#CC(=O)CCCCCCCCC(=O)OC,-1.488832809521855,2.063868623190097,0.3688289865228327
SG-accumulated,49831493,COc1cc(/C=C/C(=O)OCCCc2ccc(O[C@@H](COC(=O)/C=C/c3ccc(O)cc3)[C@@H](OC)c3ccc(O)c(OC)c3)c(OC)c2)ccc1O,2.2438359579569145,3.5110042759762914,1.0648276857075378
SG-accumulated,10652163,C[C@H]1O[C@@H](O[C@H]2CC[C@]3(C)[C@H]4CC[C@]5(C)[C@@H](C6=CC(=O)OC6)CC[C@]5(O)[C@@H]4CC[C@]3(O)C2)C[C@H](O)[C@@H]1O[C@@H]1O[C@H](CO)[C@@H](O)[C@H](O)[C@H]1O,3.043231115803089,0.17274074693530628,0.02481069735361165
SG-accumulated,107557,COc1ccc(C=CC=O)cc1OC,-1.980670910948788,-0.04276002402892137,-0.4703577567219546
SG-accumulated,101114361,COc1cc(/C=C/C(=O)OCCCc2cc(OC)c(O[C@@H](COC(=O)/C=C/c3ccc(O)c(OC)c3)[C@@H](O)c3ccc(O)c(OC)c3)c(OC)c2)ccc1O,3.1106942781371467,3.4757709439742186,1.1646482768414477
SG-accumulated,2723872,OCC1(O)OC[C@@H](O)[C@@H](O)[C@@H]1O,-0.10876656440183717,-2.052894836538746,-0.7796987712857866
SG-accumulated,44577733,C[C@@H]1Cc2c(C=O)ccc(O)c2C(=O)O1,-1.5555676709698616,-0.6529563850840626,-0.7005810552458166
SG-accumulated,162842866,C[C@@H]1O[C@@H]2O[C@H]3[C@@H](O[C@@H]2[C@H](O)[C@H]1O)O[C@H](C(=O)O)[C@H](O)[C@@H]3O[C@@H]1O[C@H](C(=O)O)[C@@H](O)[C@H](O)[C@H]1O,3.740804343748833,-1.9312388152554436,-0.364547519126301
SG-accumulated,163047490,C=C(C)[C@H](O)COc1cc2ccc(=O)oc2cc1O,-0.9194291644558088,-0.10472273928003054,-0.4155953292739085
SG-accumulated,3314,C=CCc1ccc(O)c(OC)c1,-2.1814299924572365,-0.21325578298948336,-0.5582116262058849
SG-accumulated,8299,CC(=O)CO,-2.240414259576849,-1.2697563307484696,-0.819056536797575
SG-accumulated,14079,CC(=O)c1ccc[nH]1,-2.6788858719842943,-1.270920869917699,0.9080196975697451
SG-accumulated,10105245,COc1c(C)cc2ccc(O)c3c2c1OC3=O,-1.623483782682794,-0.3410510441032882,-0.6683344212752833
SG-accumulated,5281578,CC[C@H](C)[C@@H]1NC(=O)[C@@H](NC(=O)[C@H](Cc2ccccc2)N(C)C)[C@@H](c2ccccc2)Oc2ccc(cc2)/C=C\NC1=O,-0.8570692036896093,-0.40326801644002974,6.856045035716511
SG-accumulated,163190248,C=C[C@@](C)(O)CC/C=C(\C)C(=O)OC(=O)c1cc(O[C@@H]2O[C@H](CO)[C@@H](O)[C@H](O)[C@H]2O[C@@H]2OC[C@@](O)(CO)[C@@H]2O)ccc1O,4.037947841898486,0.23755820059531982,0.4126217886713116
SG-accumulated,10262028,C[C@H]1OC(=O)c2c(O)cccc2[C@@H]1O,-1.4464443627111931,-0.9409736857692308,-0.7892840053036912
SG-accumulated,3083616,COc1cc2ccc(=O)oc2c(O)c1OC,-1.272696490755482,-0.45817874044687584,-0.6127085335557286
SG-accumulated,72751004,CC(O)C=CC1(O)C(C)(C)CC(O)CC1(C)O,-0.8701565794980523,-0.7863108112376276,-0.5919355484436764
SG-accumulated,135191,OC1OC[C@@H](O)[C@H](O)[C@H]1O,-0.7007793347710162,-2.009317143930577,-0.8720597396633561
SG-accumulated,119216,COc1cc(C=CC=O)cc(OC)c1O,-1.484085251514635,-0.16698020053297905,-0.4614577747171228
SG-accumulated,10413856,COc1cc(O)c2c(=O)c(-c3cc(OC)c(OC)c(O[C@@H]4O[C@H](CO)[C@@H](O)[C@H](O)[C@H]4O)c3)coc2c1,2.1085503386154203,0.08734043065931585,-0.03468546898013118
SG-accumulated,518900,COC(=O)Cc1ccc(O)cc1,-1.867230823841126,-0.6144428891346863,-0.6529521220674092
SG-accumulated,101286273,C[C@H]1O[C@@H](O[C@H]2CC[C@@]3(C)[C@H](CC[C@@H]4[C@@H]3CC[C@]3(C)[C@@H](C5=CC(=O)OC5)CC[C@]43O)C2)C[C@@H](O)[C@@H]1O[C@@H]1O[C@H](CO)[C@@H](O)[C@H](O)[C@H]1O,2.508004191689984,0.4357753157223101,0.02507417886110071
SG-accumulated,328066,COC1=C(C)C(=O)c2c(C(C)C)cc(O)c(C=O)c2C1=O,-1.0984181640788728,0.05624767817172376,-0.4644386383841075
SG-accumulated,10743,COc1cc(C=CC(=O)O)cc(OC)c1O,-1.0940164599559528,-0.2378331172243918,-0.45085327264624575
SG-accumulated,373912,CC1=Cc2cccc(C)c2C(=O)C1=O,-2.383985513920422,-0.5138628645255895,-0.7776892803716706
SG-accumulated,632128,COc1cc(OC)c2c(=O)c(OC)c(-c3ccc(OC)c(O)c3)oc2c1,-0.48809552716901394,0.5617668782466658,-0.25934992805961316
SG-accumulated,162978216,CC1(C)C[C@H]2C3=CC[C@@H]4[C@@]5(C)[C@@H](O)CC(=O)OC(C)(C)[C@@H]5CC(=O)[C@@]4(C)[C@]3(C)CC[C@@]2(C)[C@H](O)[C@H]1O,-0.2972379129131073,0.31073028417701437,-0.511291099703039
SG-accumulated,11079623,COc1ccc(-c2oc3c(OC)c(OC)c(OC)c(O)c3c(=O)c2OC)cc1,-0.1407904439221389,0.7332621587238368,-0.16298274361451034
SG-accumulated,8417,COc1cc2ccc(=O)oc2cc1OC,-1.769282150189635,-0.33395856394281825,-0.6216085155605605
SG-accumulated,7967,O=C1CCCCC1,-2.8085574953466836,-0.8092873991363836,-0.8509572344295564
SG-accumulated,24982202,COc1cc([C@H]2Oc3c(OC)cc(CCCO[C@@H]4O[C@H](CO)[C@@H](O)[C@H](O)[C@H]4O)cc3[C@@H]2CO)ccc1O,2.166744760488197,0.49133819848487825,0.2191383480710334
SG-accumulated,11277992,CC(=O)C[C@]1(O)C(=O)C(C)=C2OC[C@@H](C)c3ccc(C)c1c32,-1.4050917304969381,-0.025477493869253784,-0.5322255014441896
SG-accumulated,163040205,COc1c(O)cc2c(c1O)C[C@H](O[C@@H]1OC[C@H](O[C@@H]3O[C@H](CO)[C@H](O)[C@H](O)[C@H]3O)[C@H](O)[C@@H]1O)[C@@H](c1ccc(O)c(O)c1)O2,4.407076480714669,-0.6899946862452114,0.014992316677569412
SG-accumulated,26339717,C[C@@H]1O[C@@H](Oc2c(-c3ccc(O)c(O)c3)oc3cc(O)cc(O)c3c2=O)[C@@H](O)[C@H](O)[C@H]1O,1.9673471382164245,-0.6365465938701313,-0.37300558252630595
SG-accumulated,522636,C=C1CC23CC1(O)CCC2C12C=CC(O)C(C)(C(=O)O1)C2C3C(=O)O,-0.45769288353749055,-0.60153504454851,-0.5989242904943056
SG-accumulated,442101,O=c1ccc2cc(O)c(O[C@@H]3O[C@H](CO)[C@@H](O)[C@H](O)[C@H]3O)cc2o1,0.9766442917820768,-1.1041004685113962,-0.4844112589213494
SG-accumulated,7302,O=C1CCCO1,-2.5123952991407967,-1.1382072701733636,-0.8828452055209407
SG-accumulated,10922890,Cc1cc(O)c(C(C)C)c2c1C(=O)[C@H](O)[C@@H](C)C2,-1.6374509421992394,-0.3056733126512862,-0.6419495608374133
SG-accumulated,1549095,COc1cc(/C=C/CO)ccc1O,-1.6568070111314313,-0.43819688133622076,-0.5559604684119567
SG-accumulated,135,O=C(O)c1ccc(O)cc1,-1.8598616962323287,-0.8599833305026747,-0.7474675275333083
SG-accumulated,101114360,COc1cc(/C=C/C(=O)OCCCc2cc(OC)c3c(c2)[C@@H](COC(=O)/C=C/c2ccc(O)c(OC)c2)[C@H](c2cc(OC)c(O)c(OC)c2)O3)ccc1O,2.4476184319671432,3.3000240296543977,0.9259323100616129
SG-accumulated,10969116,COc1cc(C(C)C)c2c(OC)c(C)c(OC)c3c2c1C(=O)O3,-1.3689915215687223,0.6074458597129543,-0.35750762801526925
SG-accumulated,5318717,O=c1c(O[C@@H]2O[C@@H](CO)[C@H](O)[C@H]2O)c(-c2ccc(O)cc2)oc2cc(O)cc(O)c12,1.5121851884545292,-0.49836937507672147,-0.319930631650468
SG-accumulated,101262727,COc1cc([C@H]2Oc3c(OC)cc(/C=C/C(=O)NCCc4ccc(O)cc4)cc3[C@@H]2C(=O)NCCc2ccc(O)cc2)ccc1O,0.9742983573474352,1.1570057102709153,3.871828127552796
SG-accumulated,125213,COc1cc(C=CC(=O)NCCc2ccc(O)cc2)ccc1O,-1.0138998906948546,-0.09429083667633682,1.4684913611155235
SG-accumulated,28516,CC1Cc2cccc(O)c2C(=O)O1,-1.9570748495138433,-0.7662990484167753,-0.7948533700474848
SG-accumulated,44578390,COc1cc([C@H]2OC(=O)[C@H]3[C@@H]2CO[C@@H]3c2ccc(O)c(OC)c2)ccc1O,-0.292729785975165,0.28373251006151656,-0.3300479792593697
SG-accumulated,119205,COc1cc(C[C@H]2COC(=O)[C@@H]2Cc2ccc(O)c(OC)c2)ccc1O,-0.4727355709481734,0.5396409681965805,-0.1796447914413782
SG-accumulated,538953,CC(=O)C=CC1=C(C)CC(O)CC1(C)C,-2.1235923088602,-0.14908270641617255,-0.5937457352625548
SG-accumulated,10472650,COc1cc(O)c2c(=O)c(-c3cc(O)c(OC)c(OC)c3)coc2c1,-0.3388149509817356,0.2660514212654368,-0.3468171304998841
SG-accumulated,85091334,CC1OC(OC2CCC3(C)C(CCC4C3C(O)CC3(C)C(C5=CC(=O)OC5)CCC43O)C2)CC(O)C1OC1OC(CO)C(O)C(O)C1O,3.0526575695702074,0.13887727321265078,0.022575290053585457
SG-accumulated,10748,COc1ccc2ccc(=O)oc2c1,-2.11658723343651,-0.5054538444199892,-0.7179757000056632
SG-accumulated,46181828,O=C(O[C@@H]1[C@@H](c2c(O)cc(O)c3c2O[C@H](c2ccc(O)c(O)c2)[C@H](O)C3)c2c(O)cc(O)cc2O[C@@H]1c1ccc(O)c(O)c1)c1cc(O)c(O)c(O)c1,4.602891543527304,0.5822935851975074,0.05382977622342035
SG-accumulated,1548883,COc1cc(/C=C\C(=O)O)ccc1O,-1.4413215432028277,-0.4093283977015628,-0.5472204570913485
SG-accumulated,5460657,C=C1C[C@]23C[C@@]1(O)CC[C@H]2[C@]1(C(=O)O)CCC[C@@](C)(C(=O)O)[C@H]1[C@@H]3C(=O)O,-0.07561629042111842,-0.08236658545364081,-0.3992570132286871
SG-accumulated,5281601,COc1ccc(-c2cc(=O)c3c(O)cc(OC)cc3o2)cc1,-1.182705693662764,0.21877631729232355,-0.4520842969498187
SG-accumulated,100151,COc1cc(C2Oc3c(OC)cc4ccc(=O)oc4c3OC2CO)ccc1O,0.02216723130313632,0.20691290338655546,-0.32795589933850744
SG-accumulated,42608087,COc1cc(OC)c2c(c1)OC(c1ccc(OC3OCC(OC4OCC(O)C(O)C4O)C(O)C3O)cc1)CC2=O,2.4906168524383525,0.02408569601755918,-0.007808293699794005
SG-accumulated,181681,COc1cc([C@H]2OC[C@H]3[C@@H]2CO[C@@H]3c2cc(OC)c(O)c(OC)c2)ccc1O,-0.2926514699869168,0.5703424964006164,-0.23473451608347182
SG-accumulated,124222280,COc1ccc(CCOC2OC(COC(=O)C=Cc3ccc(O)c(OC)c3)C(O)C(OC3OC(C)C(O)C(O)C3O)C2O)cc1O,3.788325508004979,0.6685541358182642,0.45108061239954544
SG-accumulated,65373,COc1cc(C[C@@H](CO)[C@H](CO)Cc2ccc(O)c(OC)c2)ccc1O,0.06578906719678107,0.6945775538758506,0.05923597900552681
SG-accumulated,7478,COc1ccc(C(=O)O)cc1,-2.0091422724196066,-0.5642678735214461,-0.6600003250930373
SG-accumulated,44631546,Cc1c2c3c(c(O)c(O)c(C)c3oc1=O)[C@H](C)C[C@@H]2O,-0.9022832963753407,-0.5444035905828275,-0.7042688078981676
SG-accumulated,5274621,COc1cc(/C=C/C(=O)OCCCc2ccc(O[C@@H](COC(=O)/C=C/c3ccc(O)c(OC)c3)[C@@H](O)c3ccc(O)c(OC)c3)c(O)c2)ccc1O,2.912669771077551,3.0085602065158192,0.9808138899560738
SG-accumulated,6274,N[C@@H](Cc1cnc[nH]1)C(=O)O,-1.8455620909989638,-2.493153658497334,4.426823646290592
SG-accumulated,12681283,COc1cc(C[C@@H](NC(=O)c2ccccc2)C(=O)O)ccc1O,-0.7741177159231679,-0.2643155211779642,1.4567876521896665
SG-accumulated,162904343,O=C1c2c(O[C@@H]3O[C@H](CO)[C@@H](O[C@@H]4O[C@H](CO)[C@H](O)[C@H](O)[C@H]4O)[C@H](O)[C@H]3O)cc(O)cc2O[C@H](c2ccccc2)[C@@H]1O,4.021480595378703,-0.8279304685833025,-0.0094692738822356
SG-accumulated,439514,COc1cc2ccc(=O)oc2cc1O[C@@H]1O[C@H](CO)[C@@H](O)[C@H](O)[C@H]1O,0.8273637155947987,-0.8083850115301676,-0.3969440564810785
SG-accumulated,441833,CC(C)(O)CC[C@@H](O)[C@](C)(O)[C@H]1CC[C@@]2(O)C3=CC(=O)[C@]4(O)C[C@@H](O)[C@@H](O)C[C@]4(C)[C@H]3CC[C@]12C,1.3730812409320359,-0.08557088862447448,-0.16103353592896547
SG-accumulated,1249,Oc1cc(O)c2c(c1)OC(c1cc(O)c(O)c(O)c1)C(O)C2,0.2996790687659074,-0.8372587262809735,-0.6152952116790336
SG-accumulated,73323377,CC1OC(OC2C(O)C(COC(=O)C=Cc3ccc(O)c(O)c3)OC(OCCc3ccc(O)c(O)c3)C2O)C(O)C(O)C1O,4.086886660379536,0.07712322185580638,0.27614620751900354
SG-accumulated,49831491,COc1cc(/C=C/C(=O)OCCCc2ccc(O[C@@H](COC(=O)/C=C/c3ccc(O)cc3)[C@@H](O)c3ccc(O)c(OC)c3)c(OC)c2)ccc1O,2.416084111643397,3.1327803830198757,0.9719139079512419
SG-accumulated,14035324,CC1OC(Oc2cc(O)c3c(=O)c(OC4OC(CO)C(O)C(O)C4O)c(-c4ccc(O)cc4)oc3c2)C(O)C(O)C1O,3.9181267683794267,-0.6910374079721943,-0.06977390301138477
SG-accumulated,439246,O=C1C[C@@H](c2ccc(O)cc2)Oc2cc(O)cc(O)c21,-0.8983501247624741,-0.38033905734064616,-0.6277803014254193
SG-accumulated,10252339,O=c1c(O[C@H]2O[C@@H](CO)[C@H](O)[C@H]2O)c(-c2ccc(O)c(O)c2)oc2cc(O)cc(O)c12,2.0087708478886825,-0.6225895515807789,-0.31103064964563615
SG-accumulated,74978075,CC1OC(Oc2cc(O)c3c(=O)c(O)c(-c4ccc(O)cc4)oc3c2)C(O)C(OC2OC(CO)C(O)C(O)C2O)C1O,3.8951591908802228,-0.6085289719970083,-0.06432732769535988
SG-accumulated,375713,COc1c(O)c(C=O)c2c(O)c(-c3c(C)cc4c(C(C)C)c(OC)c(O)c(C=O)c4c3O)c(C)cc2c1C(C)C,0.6079446725514112,1.8769602613005234,0.11053994559850573
SG-accumulated,31242,CCc1ccc(O)cc1,-2.5867581496028107,-0.5810300334277452,-0.7444455529077404
SG-accumulated,94225,CC(=O)O[C@H]1CC[C@]2(C)[C@H]3CC[C@]4(C)C(=CC[C@@]5(C)CCC(C)(C)C[C@H]54)[C@]3(C)CC[C@H]2C1(C)C,-2.2413050817581346,1.7369875844580218,-0.3904137829301345
SG-accumulated,636543,COc1cc([C@H](O)[C@H](CO)Oc2ccc(/C=C/C(=O)NCCc3ccc(O)cc3)cc2OC)ccc1O,0.9944670830808622,0.9888465799308519,2.0860922648051505
SG-accumulated,10255859,COC(=O)[C@]12CCC(C)(C)C[C@H]1C1=CC[C@@H]3[C@@]4(C)CC[C@H](OC(C)=O)C(C)(C)[C@@H]4CC[C@@]3(C)[C@]1(C)CC2,-1.52177775599645,1.703574728751082,-0.2989203520898031
SG-accumulated,10393,OCCc1ccc(O)cc1,-1.9977132206419805,-0.7442893798419836,-0.6685270466823785
SG-accumulated,384679,COc1cc([C@H]2Oc3c(OC)cc(CCCO)cc3[C@@H]2CO)ccc1O,-0.2576529516097544,0.5875407531158131,-0.09843988876474448
SG-accumulated,3469,O=C(O)c1cc(O)ccc1O,-1.363276036798175,-0.9842035070067323,-0.7385675455284764
SG-accumulated,6185,C[C@]12CC[C@H]3[C@@H](CC[C@]4(O)C[C@@H](O)CC[C@]34C=O)[C@@]1(O)CC[C@@H]2C1=CC(=O)OC1,-0.2574043962210079,-0.1585494788148926,-0.46287214342500443
SG-accumulated,10371536,C[C@@H]1O[C@@H](OC[C@H]2O[C@@H](Oc3c(-c4ccc(O)c(O)c4)oc4cc(O)cc(O)c4c3=O)[C@H](O)[C@@H](O)[C@H]2O)[C@H](O)[C@H](O)[C@H]1O,4.391744850314376,-0.7327491485010654,-0.055427345690528
SG-accumulated,16077448,C[C@H]1O[C@@H](O[C@H]2C(=O)c3c(O)cc(O)cc3O[C@@H]2c2ccc(O)c(O)c2)[C@@H](O)[C@@H](O)[C@@H]1O,1.9782416956890236,-0.7344004845710597,-0.37971947761768693
SG-accumulated,6057,N[C@@H](Cc1ccc(O)cc1)C(=O)O,-1.4375865534704684,-1.249578863844725,1.111095601413135
SG-accumulated,10176654,COC(=O)/C=C\c1ccc(O)c(OC)c1,-1.5263246143305769,-0.3083503906289235,-0.5403855437969874
SG-accumulated,5281612,COc1ccc(-c2cc(=O)c3c(O)cc(O)cc3o2)cc1O,-0.5368394580413323,-0.20115931619296304,-0.5306515173852578
SG-accumulated,13988634,O=c1cc(-c2ccc(O)c(O)c2)oc2c(O[C@@H]3O[C@H](CO[C@@H]4O[C@H](CO)[C@@H](O)[C@H](O)[C@H]4O)[C@@H](O)[C@H](O)[C@H]3O)c(O)cc(O)c12,4.980789779275206,-0.8960084949153038,0.02049116053483398
SG-accumulated,5320254,CCCCC/C=C\C/C=C\CCCCCCCC(=O)OCC(O)CO[C@@H]1O[C@H](CO)[C@H](O)[C@H](O)[C@H]1O,1.8172133545529414,2.4207286589260275,1.037328685139984
SG-accumulated,162847751,CC[C@@H]1NC(=O)[C@@H](NC(=O)[C@@H]([C@H](O)C(C)C)N(C)C)[C@H](C(C)C)Oc2ccc(cc2)/C=C/NC1=O,-0.4506961174970624,-1.389399903700596,6.679938086422753
SG-accumulated,13245586,COc1cc(-c2oc3cc(O)cc(O)c3c(=O)c2OC2OC(CO)C(O)C(O)C2O)ccc1O,2.4071114909899767,-0.5040904833031412,-0.20961987386067304
SG-accumulated,163003716,COc1ccc(-c2cc(=O)c3c(O)cc(O)c(OC(=O)[C@H]4O[C@@H](O)[C@H](O)[C@@H](O)[C@@H]4O)c3o2)cc1O,2.7098420414773137,-0.7524678855522589,-0.2869587270019995
SG-accumulated,135542082,COC1=C(C)C(=O)c2ccc(O)c(O)c2C1=O,-1.059807437243176,-0.6626013280228887,-0.6768033775555841
SG-accumulated,5281321,CC(C)(O)/C=C/C(=O)[C@](C)(O)[C@H]1[C@H](O)C[C@@]2(C)[C@@H]3CC=C4[C@@H](C=C(O)C(=O)C4(C)C)[C@]3(C)C(=O)C[C@]12C,0.433007434349972,0.6373843705159883,-0.19372924372810013
SG-accumulated,132966232,COc1c(C)[nH]c2c(c1=O)[C@@H](CCCCCc1ccccc1)CCC2=O,-1.6037965711759175,0.7453844619495296,1.604789323786989
SG-accumulated,179,CC(=O)C(C)O,-2.2373417524778176,-1.150450676650633,-0.8026388952677133
SG-accumulated,7438,C=C(C)C1CC=C(C)C(O)C1,-2.546957438415998,-0.44458972174621164,-0.7171271371942703
SG-accumulated,441644,CCCCCCC[C@H]1CCC(=O)O1,-2.224538442963936,0.49876448508402227,-0.29741734461464553
SG-accumulated,163062115,CC1=C[C@@H]2c3cc4c(O[C@H]5O[C@H](CO)[C@H](O)[C@H](O)[C@@H]5O)cccc4c(O)c3[C@@]3(O)c4ccccc4C(=O)[C@]2(/C=C/C(C)(C)O)[C@@]3(O)C1,2.562997060818992,0.23918045029021306,-0.046532503812975676
SG-accumulated,101182983,C[C@@H]([C@H]1[C@@H](O)C[C@@]2(C)[C@@H]3CC[C@H]4C(C)(C)[C@@H](O[C@@H]5O[C@H](CO)[C@@H](O)[C@H](O[C@H]6O[C@H](CO)[C@@H](O)[C@H](O)[C@H]6O)[C@H]5O)CC[C@@]45C[C@@]35CC[C@]12C)[C@H]1C[C@H](O)C(C)(C)O1,3.934328061711973,0.6573564466077286,0.2813338489761844
SG-accumulated,7156991,CCOC(=O)[C@H](C)CC,-2.3725748398007127,-0.3514023170958858,-0.5952659252695081
SG-accumulated,7237,Cc1ccccc1C,-3.131401275933735,-0.5772791632382787,-0.830893587647785
SG-accumulated,13915427,CCCCc1cc(OC)c(O)c(OC)c1,-1.7972198667497845,0.2678492279131135,-0.36204111089205704
SG-accumulated,263,CCCCO,-2.5629155899566736,-0.8200113380798547,-0.7198829412993977
SG-accumulated,446066,CCCCCCCCCCCCCCCC(=O)OC[C@H](COP(=O)(O)O)OC(=O)CCCCCCCCCCCCCCC,1.2375884837091475,6.64820475761433,2.345823803488852
SG-accumulated,92863445,CCCCCCCCCCCCCCCCCCCC(=O)OC[C@H](O)CO,-0.4443818390812763,3.4026760671821923,1.0761422588627192
SG-accumulated,12580,CCCc1ccc(O)cc1,-2.5392940914231725,-0.328085683234487,-0.6496105163450016
SG-accumulated,163195778,CC(C)CC(CO)C1=CC=CCC1,-2.3982113172089963,0.1610742010130709,-0.4512750763359413
SG-accumulated,2682,CCCCCCCCCCCCCCCCO,-1.9933468918010149,2.215320864239244,0.4181374974534694
SG-accumulated,13918554,COC1=CC(=O)C(C)=C(O)C1=O,-1.5801400691118568,-0.9182460708477695,-0.7412640767413494
SG-accumulated,441765,COc1cc(-c2[o+]c3cc(O)cc(O[C@@H]4O[C@H](CO)[C@@H](O)[C@H](O)[C@H]4O)c3cc2O[C@@H]2O[C@H](CO)[C@@H](O)[C@H](O)[C@H]2O)cc(OC)c1O,4.717827779412768,-0.2801101724471661,0.20235841640966404
SG-accumulated,1174,O=c1cc[nH]c(=O)[nH]1,-2.245501169688939,-2.4820583746237337,2.4735806890658933
SG-accumulated,35698,C#CCCCCCCC(=O)O,-2.111979217027733,0.1497174996278689,-0.33039754807967764
SG-accumulated,1140,Cc1ccccc1,-3.13971230085144,-0.6777660319390979,-0.8460689570292351
SG-accumulated,71403936,CCCCCCCCCCCCCCCC(O)=C(O)C(=O)O,-0.7472620533120189,2.3963565529487028,0.5565744197983187
SG-accumulated,525578,CC(C)C1CC=CCC1,-3.0957112196565126,-0.24457142653310862,-0.7283378235330026
SG-accumulated,3015413,C=CC(C)(O)CCC=C(C)C(=O)O,-1.6303630139457634,-0.0834936454212101,-0.38974591125343777
SG-accumulated,156741,COc1c(C)cc2c(C(C)C)c(O)c(O)c(C=O)c2c1O,-0.818449065721073,0.08665597495664579,-0.44676432670421296
SG-accumulated,100914108,CC(=O)O[C@H]1C[C@H]([C@@H](C)[C@H]2[C@@H](O)C[C@@]3(C)[C@@H]4CC[C@H]5C(C)(C)[C@@H](O[C@@H]6O[C@H](CO)[C@@H](O)[C@H](O)[C@H]6O)CC[C@@]56C[C@@]46CC[C@]23C)OC1(C)C,1.687876804594515,1.1363498421392177,0.07416557331811476
SG-accumulated,54005211,O=C(O)CC=CCCCCCCCC(=O)O,-1.1971244607537583,0.9080930077019311,0.04883501135257441
SG-accumulated,100955863,COC(=O)[C@H](CO)c1ccc(O)c(OC)c1,-0.9390925743111267,-0.44636383243014127,-0.46157281652041715
SG-accumulated,22238,CC=CCS,-2.837001292274816,-0.73355903675545,-0.7747312648333659
SG-accumulated,162844792,C=C(C)[C@H](O)CC[C@@H](C)[C@H]1CC[C@@]2(C)[C@@H]3CC[C@@]4(C)[C@@H](CCC(=O)[C@@H]4C)[C@]3(C)CC[C@]12C,-1.8388032332886677,1.8855449592384157,-0.10788985312738188
SG-accumulated,21742,CC1=Cc2c(C(C)C)ccc(C)c2C(=O)C1=O,-2.3275177598659473,-0.032576698167747,-0.6506968739970304
SR-accumulated,5204,c1cc2c(cc1C1OCC3C(c4ccc5c(c4)OCO5)OCC13)OCO2,-1.143919160179977,0.257565157511147,-0.502457112911771
SR-accumulated,442849,COc1c(C)c(O)cc2c1CNC2=O,-1.8254075313753646,-1.2721137253943213,0.9622372609089169
SR-accumulated,21120946,C=C(C)[C@@H]1CC[C@]2(C(=O)OC)CC[C@]3(COC(=O)c4ccccc4)[C@H](CC[C@@H]4[C@@]5(C)CC[C@H](OC(C)=O)C(C)(C)[C@@H]5CC[C@]43C)[C@@H]12,-0.6149528187958547,2.5837738467350273,0.10801077598989946
SR-accumulated,1054,Cc1ncc(CO)c(CO)c1O,-1.4521354209190735,-1.4702383257389349,1.017658887562089
SR-accumulated,162912427,COc1cc([C@H]2OC[C@@H]3[C@H]2CO[C@@H]3c2ccc(O[C@@H]3O[C@H](CO)[C@@H](O)[C@H](O)[C@H]3O[C@@H]3O[C@@H](C)[C@H](O)[C@@H](O)[C@H]3O)c(OC)c2)ccc1O,3.642761519500485,0.2871930171006285,0.22268969160159416
SR-accumulated,162962930,CC1=C2OC(C)(C)c3cc4c(c(c32)C(=O)C1=O)[C@@](C)(O)C=CO4,-1.2242987803512408,-0.3029470594766636,-0.6852796682143996
SR-accumulated,12303930,C[C@H]1O[C@@H](O[C@H]2CC[C@]3(C=O)[C@H]4CC[C@]5(C)[C@@H](C6=CC(=O)OC6)CC[C@]5(O)[C@@H]4CC[C@]3(O)C2)C[C@H](O)[C@H]1O,1.0332950090358899,0.20540535547807168,-0.21871352400707314
SR-accumulated,162969771,CC(C)(O[C@@H]1O[C@H](CO)[C@@H](O)[C@H](O)[C@H]1O)[C@@H]1CC[C@@](C)([C@@H]2CC[C@]3(CO[C@H]4O[C@@H](CO)[C@H](O)[C@@H](O)[C@@H]4O)[C@@H]2[C@H](O)C[C@@H]2[C@@]4(C)CC[C@H](O)C(C)(C)[C@@H]4CC[C@]23C)O1,4.501948367939736,0.5897959501365058,0.3647973403648148
SR-accumulated,162961650,C[C@H]1O[C@@H](O[C@H]2C=C3CC[C@@H]4[C@H](CC[C@]5(C)[C@@H](C6=CC(=O)OC6)CC[C@@]45O)[C@@]3(C)CC2)C[C@@H](O)[C@@H]1O,0.08473904154397457,0.5091759638437324,-0.29523694498063713
SR-accumulated,16093748,CC(=O)OC(C)(C)/C=C/C(=O)[C@](C)(O)[C@H]1[C@H](O)C[C@@]2(C)[C@@H]3CC=C4[C@@H](C[C@H](OS(=O)(=O)O)C(=O)C4(C)C)[C@]3(C)C(=O)C[C@]12C,1.6465252971507076,1.171328947989395,0.11145657183025916
SR-accumulated,57006309,CC=CCC(O)CCC,-2.4513881093709555,-0.13180071002160001,-0.5023210587978368
SR-accumulated,7146,CC(C=O)c1ccccc1,-2.6770939663839184,-0.360504680370243,-0.660197904560952
SR-accumulated,444899,CCCCC/C=C\C/C=C\C/C=C\C/C=C\CCCC(=O)O,-1.7237539953627725,2.496254442169509,0.4727741801589631
SR-accumulated,10416,CCCCCCCCC1=C(CCCCCCC(=O)O)C1,-1.7493685563707038,2.3650518990335136,0.44948456090926436
SR-accumulated,112720,CC(=O)OCCN,-2.1383285591915806,-1.5965728193010513,0.9553219419978763
SR-accumulated,163189932,C=C(CCCCCCCC)C(=O)CCCCCCCC(=O)O,-1.2994410618262622,2.6162936793589626,0.6236831908103386
SR-accumulated,6734,c1cc2c3c(cccc3c1)CC2,-3.0753679987155333,-0.3321324635741432,-0.7854536157140637
SR-accumulated,3084463,CCCCCCCCCCCCCCCC(=O)OC[C@@H](O)CO,-0.6342380717998292,2.3908986664091594,0.6968021126117633
SR-accumulated,5280934,CC/C=C\C/C=C\C/C=C\CCCCCCCC(=O)O,-1.7847449106698206,2.180293818402349,0.3664649757500028
SR-accumulated,136085678,CC1=NCCc2c1[nH]c1ccc(O)cc21,-2.4688902986634247,-1.5388022437215576,2.591108130670093
SR-accumulated,8215,CCCCCCCCCCCCCCCCCCCCCC(=O)O,-1.4930770747945814,3.7618554490334515,0.9958877281505113
SR-accumulated,9561835,CCCCCCCCC(O)CCCCCCCCC(=O)O,-1.138279929632911,2.4531800057507582,0.6140486930920401
SR-accumulated,16441,C=C(C)C1CC=C(C=O)CC1,-2.67714921096547,-0.2112296253247196,-0.640574232911662
SR-accumulated,14091,CCCc1ccccc1C,-3.0275687259396205,-0.10337863802961009,-0.6433351289683832
SR-accumulated,134781708,CC(/C=C/C=C(\C)C1C=C2C(C)(C)C[C@H](O)C[C@@]2(C)O1)=C\C=C\C=C(C)\C=C\C=C(/C)C1C=C2C(C)(C)C[C@H](O)C[C@@]2(C)O1,-0.8323695667783222,2.8217844617181482,0.26056372193389576
SR-accumulated,15645217,CCc1c(C)ccc2ccccc12,-3.0488065431366826,0.01463543801732209,-0.6831973868420067
SH-accumulated,11060391,CC(C)(O)CC[C@H]1OC(C)(C)O[C@]1(C)[C@H]1CC[C@@]2(O)C3=CC(=O)[C@@H]4C[C@@H](O)[C@@H](O)C[C@]4(C)[C@H]3CC[C@]12C,0.35220141389624204,0.6732795914046994,-0.19361987826921612
SH-accumulated,338,O=C(O)c1ccccc1O,-1.8598616962323287,-0.8599833305026747,-0.7474675275333083
SH-accumulated,439944,O=C(O)[C@@](O)(CO)[C@H](O)[C@H](O)CO,0.5150517691222491,-1.635729670803326,-0.455525085235665
SH-accumulated,45273405,CC(C)=CC(=O)C[C@@H](C)[C@H]1CC[C@@]2(C)[C@@H]3CC[C@H]4[C@](C)(C(=O)O)[C@@H](O)C[C@H](O)[C@@]45C[C@@]35CC[C@]12C,-0.5221175063243498,1.2591579813416265,-0.10943237666270052
SH-accumulated,12313704,CC1(C)CC[C@]2(C(=O)O)CC[C@]3(C)C(=CC[C@@H]4[C@@]5(C)CCC(=O)C(C)(C)[C@@H]5CC[C@]43C)[C@@H]2C1,-1.7894091291699556,1.3199032808121895,-0.41800489668979557
SH-accumulated,5491693,O=c1c(O)c(-c2ccc(O[C@@H]3O[C@H](CO)[C@@H](O)[C@H](O)[C@H]3O)cc2)oc2cc(O)cc(O)c12,2.0598064077431015,-0.6755857637803122,-0.30598705830577577
SH-accumulated,133551,C=C(C)[C@@H]1CC[C@]2(C(=O)O)CC[C@]3(C)[C@H](CC[C@@H]4[C@@]5(C)CC[C@H](OC(=O)C=Cc6ccc(O)c(O)c6)C(C)(C)[C@@H]5CC[C@]43C)[C@@H]12,-0.23253474295849672,2.293983644491896,0.03652724529898861
SH-accumulated,25021697,O=C[C@H](O)[C@H](O)[C@H](O)[C@@H](O)C(=O)O,0.34057311118285327,-1.5363842701854877,-0.4574143966082798
SH-accumulated,100967916,COc1cc(/C=C\C(=O)OC[C@@]23CC[C@@]4(C(=O)O)CCC(C)(C)C[C@H]4C2=CC[C@@H]2[C@@]4(C)CC[C@H](O)C(C)(C)[C@@H]4CC[C@]23C)ccc1O,0.1533069392766474,2.3270405323943533,0.12375578685411649
SH-accumulated,90657201,COc1ccc(-c2oc3cc(O[C@@H]4O[C@H](CO)[C@@H](O)[C@H](O)[C@H]4O)cc(O)c3c(=O)c2O)cc1,1.9105258315558233,-0.3798703067990836,-0.21851985586550485
SH-accumulated,162999405,COc1cc(C2Oc3c(OC)cc(C(C)=O)cc3C2CO)ccc1OC1OC(CO)C(O)C(O)C1O,1.8929988540670817,0.23072603215322474,0.04575421542267023
SH-accumulated,10023166,C[C@H](O)/C=C/[C@@]12O[C@]1(C)C[C@@H](O[C@@H]1O[C@H](CO)[C@@H](O)[C@H](O)[C@H]1O)CC2(C)C,0.8211167727838827,-0.5259329109913187,-0.2780867803858702
SH-accumulated,123908,O=C(O)CC(O)(C(=O)O)C(O)C(=O)O,0.40136932709923273,-1.281094661024351,-0.43554617378693344
SH-accumulated,10603919,CC1(C)CC[C@]2(CO)CC[C@]3(C)C(=CC[C@@H]4[C@@]5(C)CC[C@H](O)[C@@](C)(COC(=O)/C=C/c6ccc(O)c(O)c6)[C@@H]5CC[C@]43C)[C@@H]2C1,0.08710204753532154,2.0024565917784676,0.0275485730932374
SH-accumulated,286498,CC1CCC2(C(=O)O)CCC3(C)C(=CCC4C5(C)CC(O)C(O)C(C)(C(=O)O)C5CCC43C)C2C1(C)O,0.27911601280068776,0.49161893297898546,-0.3365044866309331
SH-accumulated,5274626,CC1(C)CC[C@]2(C(=O)O)CC[C@]3(C(=O)/C=C/c4ccc(O)c(O)c4)C(=CCC4[C@@]5(C)CC[C@H](O)C(C)(C)C5CC[C@]43C)[C@@H]2C1,-0.046974421738297245,1.8679372886447094,-0.05954340536192414
SH-accumulated,15767724,CC1(C)CC[C@]2(C(=O)O)CC[C@]3(COC(=O)/C=C/c4ccc(O)c(O)c4)C(=CC[C@@H]4[C@@]5(C)CC[C@H](O)C(C)(C)[C@@H]5CC[C@]43C)[C@@H]2C1,0.3025875154639249,2.0313250754131253,0.03628858441384537
SH-accumulated,5281119,CCCC/C=C\CCCCCCCC(=O)O,-1.9067267412839162,1.5483725708680285,0.15384656693208218
SH-accumulated,163106470,O=C(O)[C@H]1O[C@@H](Oc2c(-c3ccc(O)c(O)c3)oc3c(O)c(O)cc(O)c3c2=O)[C@@H](O)[C@@H](O)[C@@H]1O,3.268463194540012,-0.8951576331537695,-0.2794470829755039
SH-accumulated,163189360,CC(C)C[C@H]1NC(=O)[C@H](NC(=O)[C@H](C(C)C)N(C)C)[C@H](c2ccccc2)Oc2ccc(cc2)/C=C\NC1=O,-0.9607556765743199,-0.770336321291803,6.732961141393766
SH-accumulated,9930500,COC(=O)[C@@]1(O)CC(=O)O[C@@H]1C(=O)O,-0.4376438501020744,-1.3639217232656393,-0.6763320422600855
SH-accumulated,14887607,COc1ccc(-c2cc(=O)c3c(O)cc(O)c(O[C@@H]4O[C@H](C(=O)O)[C@@H](O)[C@H](O)[C@H]4O)c3o2)cc1O,2.6225969589185802,-0.4752219996684834,-0.20087986254006487
SH-accumulated,5490334,O=C(O)[C@H]1O[C@@H](Oc2c(O)cc(O)c3c(=O)c(O)c(-c4ccc(O)c(O)c4)oc23)[C@H](O)[C@@H](O)[C@@H]1O,3.268463194540012,-0.8951576331537696,-0.27944708297550397
SH-accumulated,14055737,C[C@@H]1CC[C@]2(C(=O)O)CC[C@]3(C)C(=CC[C@@H]4[C@@]5(C)C[C@@H](O)[C@H](O)[C@](C)(CO)[C@@H]5CC[C@]43C)[C@@H]2[C@]1(C)O,0.06363054487208393,0.4627504493443277,-0.3452444979515412
SH-accumulated,73207,COc1c(OC)c(O)c2c(=O)cc(-c3ccc(O)cc3)oc2c1OC,-0.33881495098173564,0.2660514212654366,-0.3468171304998841
SH-accumulated,638014,CC(=O)/C=C/C1=C(C)CCCC1(C)C,-2.6682456867404234,0.14781533609348765,-0.5912468464550394
SH-accumulated,22236717,CCC(C)c1cccc(O)c1C(C)CC,-2.4435740418667655,0.5659879559582263,-0.4086894585310951
SH-accumulated,15559735,O=c1c(O)c(-c2cc(O)c(O)c(O)c2)oc2c(O)c(O)cc(O)c12,1.102198096448406,-0.8695353026863644,-0.5914187738110332
SH-accumulated,5487855,COc1ccc(-c2oc3cc(O)cc(O)c3c(=O)c2O)cc1OC,-0.18953437479445734,-0.029664035715791473,-0.434284332940155
SH-accumulated,6436348,CC(C)=C1C/C=C(\C)CC/C=C(\C)CC1=O,-2.750169875514363,0.09785134442173556,-0.7178799579776473
SH-accumulated,5319474,COc1cc2ccc(=O)oc2c2c1OCO2,-1.5246777942285747,-0.5288197696530248,-0.6983862397473268
SH-accumulated,163020497,O=c1c(O[C@@H]2O[C@H](CO)[C@@H](O)[C@@H](O)[C@H]2O)c(-c2cc(O)c(O)c(O)c2)oc2c(O)c(O)cc(O)c12,3.5495633860455618,-1.0482462932924848,-0.27928711229128017
SH-accumulated,44178847,CO[C@H]1O[C@]2(C=C(C)C(=O)O2)C[C@@H]1[C@H]1CC[C@@]2(C)[C@@H]3CC[C@H]4C(C)(C)C(=O)C=C[C@@]45C[C@@]35CC[C@]12C,-1.1909555404489214,1.1939427253329842,-0.3464205938360035
SH-accumulated,162887874,O=C1c2c(O)cc(O)cc2O[C@@H](c2ccc(O)c(O)c2)[C@H]1O[C@@H]1O[C@H]([C@H](O)CO)[C@H](O)[C@H]1O,2.6117828414211437,-0.764397134598109,-0.22540839698179352
SH-accumulated,65064,O=C(O[C@@H]1Cc2c(O)cc(O)cc2O[C@@H]1c1cc(O)c(O)c(O)c1)c1cc(O)c(O)c(O)c1,2.053293384769725,-0.2658600140594946,-0.33373981092070243
SH-accumulated,44566911,COC(=O)[C@H]1O[C@@H](Oc2c(O)cc(O)c3c(=O)cc(-c4ccc(O)cc4)oc23)[C@H](O)[C@@H](O)[C@@H]1O,2.1902888045439566,-0.5457392730730151,-0.2904121336908065
SH-accumulated,73193,C[C@@H]1CC[C@]2(C(=O)O)CC[C@]3(C)C(=CC[C@@H]4[C@@]5(C)C[C@@H](O)[C@H](O)C(C)(C)[C@@H]5CC[C@]43C)[C@@H]2[C@]1(C)O,-0.5254143840887466,0.6260097957585666,-0.4211630041769032
SH-accumulated,5281702,COc1cc(-c2cc(=O)c3c(O)cc(O)cc3o2)cc(OC)c1O,-0.18953437479445728,-0.029664035715791806,-0.43428433294015506
SH-accumulated,5281676,COc1cc(O)c2c(=O)c(OC)c(-c3cc(O)c(OC)cc3O)oc2c1,0.15777070845241783,0.14183124476137923,-0.3379171484950522
SH-accumulated,44260032,O=c1c(OS(=O)(=O)O)c(-c2ccc(O)c(O)c2)oc2c(O)c(O)cc(O)c12,1.6148612877992092,-0.5183338726533276,-0.401765028942069
SH-accumulated,1742210,C=C1CC[C@H]2O[C@]2(C)CC[C@@H]2[C@@H]1CC2(C)C,-2.744793369300211,0.007341319831025096,-0.7243478565865596
SH-accumulated,1203,Oc1cc(O)c2c(c1)OC(c1ccc(O)c(O)c1)C(O)C2,-0.19690659066824598,-0.713038549776916,-0.6241951936838654
SH-accumulated,101607227,CC1=CC[C@]2(C(=O)O)CC[C@]3(C)C(=CC[C@@H]4[C@@]5(C)C[C@@H](O)[C@H](O)[C@](C)(C(=O)O)[C@@H]5CC[C@]43C)[C@@H]2[C@H]1C,-0.25497834936047536,0.7318515952564779,-0.33897389212940393
SH-accumulated,162957786,CC1(C)CC[C@]23CO[C@@]4(C=C[C@@H]5[C@@]6(C)CC[C@H](O[C@@H]7O[C@H](CO)[C@H](O)[C@H](O)[C@H]7O)[C@@](C)(CO)[C@@H]6CC[C@@]5(C)[C@]4(C)C[C@@H]2O)[C@H]3C1,1.475783817180429,0.5643829240357707,-0.11955561533141894
SH-accumulated,19309,CC1=C(O)C(=O)C(C)O1,-2.010991707287684,-1.0377820518478045,-0.8432595428372174
SH-accumulated,62465,CCc1ccc(O)c(OC)c1,-2.2394530663559356,-0.4095347529505741,-0.6480783684626377
SH-accumulated,24796850,CC1(C)CC2=C3C=C[C@@H]4[C@@](C)(CCC(=O)O)[C@H]([C@@](C)(O)CO)CC[C@@]4(C)[C@]3(C)[C@@H](O)C[C@@]2(C)[C@H](O)C1,0.17682713440482709,0.9354354819393983,-0.10525467656263869
SH-accumulated,101248984,C/C(=C/CC[C@](C)(O)[C@H]1[C@H](O)C[C@]2(C)[C@@H]1CC[C@@H]1[C@@]3(C)CC[C@H](O)C(C)(C)[C@@H]3[C@@H](O)C[C@]12C)CO,-0.039686229785036276,0.9289929051060203,-0.1112866214996328
SH-accumulated,11167374,CC1(C)CCC2(C(=O)O)CCC3(CO)C(=CCC4C5(C)CCC(O)C(C)(C)C5CCC43C)C2C1,-1.0256762108883637,1.0565465343636482,-0.3402467203365106
SH-accumulated,2371,C=C(C)C1CCC2(C(=O)O)CCC3(C)C(CCC4C5(C)CCC(O)C(C)(C)C5CCC43C)C12,-1.5607984693107861,1.3192051034424208,-0.3400080594513673
SH-accumulated,10494,CC1(C)CC[C@]2(C(=O)O)CC[C@]3(C)C(=CC[C@@H]4[C@@]5(C)CC[C@H](O)C(C)(C)[C@@H]5CC[C@]43C)[C@@H]2C1,-1.6147211398491943,1.219805880777887,-0.4161652265618726
SH-accumulated,107876,Oc1cc(O)c2c(c1)OC(c1ccc(O)c(O)c1)C(OC1(c3ccc(O)c(O)c3)Oc3cc(O)cc(O)c3C(O)C1O)C2,3.1858168754061453,0.09072047791042195,-0.1459517658772473
SH-accumulated,19844,COC(=O)c1ccc(O)c(OC)c1,-1.5975596841132025,-0.5875100429528641,-0.6442654297938443
SH-accumulated,14707301,C=C(C)[C@@H]1CC[C@]2(C(=O)O)CC[C@]3(CO)[C@H](CC[C@@H]4[C@@]5(C)CC[C@H](O)C(C)(C)[C@@H]5CC[C@]43C)[C@@H]12,-0.9717535403499556,1.1559457570281817,-0.2640895532260053
