Unnamed: 0,ID,SMILES,DATASET,curated_smiles
276,DiaNatDB-1,O=C(O)C1=C[C@@H](O)[C@@H](O)[C@H](O)C1,DiaNat-DB,O=C(O)C1=C[C@@H](O)[C@@H](O)[C@H](O)C1
277,DiaNatDB-10,O[C@H]1CC[C@@]2(C)[C@](CC[C@]3(C)[C@]2([H])CC[C@@]4([H])[C@@]3(C)CC[C@]5(C)[C@]4([H])[C@H](C(C)=C)CC5)([H])C1(C)C,DiaNat-DB,C=C(C)[C@@H]1CC[C@]2(C)CC[C@]3(C)[C@H](CC[C@@H]4[C@@]5(C)CC[C@H](O)C(C)(C)[C@@H]5CC[C@]43C)[C@@H]12
278,DiaNatDB-100,C[C@H](CCC(=C)C(C)C)[C@H]1CC[C@@]2([C@@]1(CC[C@]34C2CC[C@@H]5[C@]3(C4)CC[C@@H](C5(C)C)O)C)C,DiaNat-DB,C=C(CC[C@@H](C)[C@H]1CC[C@@]2(C)C3CC[C@H]4C(C)(C)[C@@H](O)CC[C@@]45C[C@@]35CC[C@]12C)C(C)C
279,DiaNatDB-101,CC1=CC2=C(C=C1)OCCC2=O,DiaNat-DB,Cc1ccc2c(c1)C(=O)CCO2
280,DiaNatDB-102,CC(=O)C1=CC=CC=C1,DiaNat-DB,CC(=O)c1ccccc1
281,DiaNatDB-103,CCC(C)C(=O)C1=C(C2=C(C(=C1O)CC(C(=C)C)O)OC3=C2C(=C(C(=C3C(=O)C(C)CC)O)CC=C(C)C)O)O,DiaNat-DB,C=C(C)C(O)Cc1c(O)c(C(=O)C(C)CC)c(O)c2c1oc1c(C(=O)C(C)CC)c(O)c(CC=C(C)C)c(O)c12
282,DiaNatDB-104,C[C@H]1[C@H]2CN3CCC4=C([C@@H]3C[C@@H]2C(=CO1)C(=O)OC)NC5=CC=CC=C45,DiaNat-DB,COC(=O)C1=CO[C@@H](C)[C@H]2CN3CCc4c([nH]c5ccccc45)[C@@H]3C[C@H]12
283,DiaNatDB-105,CCC1C2CC3C4C5(CC(C2C5O)N3C1O)C6=CC=CC=C6N4C,DiaNat-DB,CCC1C2CC3C4N(C)c5ccccc5C45CC(C2C5O)N3C1O
284,DiaNatDB-106,C=CCSS(=O)CC=C,DiaNat-DB,C=CCS[S+]([O-])CC=C
285,DiaNatDB-107,C([C@@H]1[C@H](C([C@H]([C@H](N1)CO)O)O)O)O,DiaNat-DB,OC[C@H]1N[C@H](CO)[C@@H](O)C(O)[C@H]1O
286,DiaNatDB-108,C[C@@]12CCC(C(C1CCC(=C)[C@H]2C/C=C/3\C(COC3=O)O)(C)CO)O,DiaNat-DB,C=C1CCC2C(C)(CO)C(O)CC[C@@]2(C)[C@@H]1C/C=C1/C(=O)OCC1O
287,DiaNatDB-109,CN1CCC=C(C1)C(=O)OC,DiaNat-DB,COC(=O)C1=CCCN(C)C1
288,DiaNatDB-11,CC1=CC(=O)C(=CC1=O)C(C)C,DiaNat-DB,CC1=CC(=O)C(C(C)C)=CC1=O
289,DiaNatDB-110,CC(=CCC[C@@](C)(C=C)/C=C/C1=CC=C(C=C1)O)C,DiaNat-DB,C=C[C@@](C)(/C=C/c1ccc(O)cc1)CCC=C(C)C
290,DiaNatDB-111,C[C@@]12CC[C@]3(CCC(C[C@H]3C1=CC[C@H]4[C@]2(CC=C5[C@@]4(C[C@@H]([C@@H]([C@@]5(C)CO)O)O)C)C)(C)C)C(=O)O,DiaNat-DB,CC1(C)CC[C@]2(C(=O)O)CC[C@]3(C)C(=CC[C@@H]4[C@@]5(C)C[C@H](O)[C@H](O)[C@@](C)(CO)C5=CC[C@]43C)[C@@H]2C1
291,DiaNatDB-112,COC1=CC(=C2C(=C1)OC3=C(C=CC(=C3C2=O)O)O)O,DiaNat-DB,COc1cc(O)c2c(=O)c3c(O)ccc(O)c3oc2c1
292,DiaNatDB-113,COC1=C(C=C2C(=C1O)[C@H]3[C@@H]([C@H]([C@@H]([C@H](O3)CO)O)O)OC2=O)O,DiaNat-DB,COc1c(O)cc2c(c1O)[C@@H]1O[C@H](CO)[C@@H](O)[C@H](O)[C@H]1OC2=O
293,DiaNatDB-114,CC[C@H](CC[C@@H](C)[C@H]1CC[C@@H]2[C@@]1(CC[C@H]3[C@H]2CC=C4[C@@]3(CC[C@@H](C4)O)C)C)C(C)C,DiaNat-DB,CC[C@H](CC[C@@H](C)[C@H]1CC[C@H]2[C@@H]3CC=C4C[C@@H](O)CC[C@]4(C)[C@H]3CC[C@]12C)C(C)C
294,DiaNatDB-115,C[C@]12CC[C@@H](C(C1CC[C@@]3([C@@H]2CC=C4[C@]3(CC[C@@]5([C@H]4CC(CC5)(C)C)C(=O)O)C)C)(C)C)O[C@H]6[C@@H]([C@@H]7[C@@H]([C@H](O6)C(=O)O)O[C@](C(O7)OCC(=O)O)(C(=O)O)O)O,DiaNat-DB,CC1(C)CC[C@]2(C(=O)O)CC[C@]3(C)C(=CC[C@@H]4[C@@]5(C)CC[C@H](O[C@@H]6O[C@H](C(=O)O)[C@H]7O[C@@](O)(C(=O)O)C(OCC(=O)O)O[C@@H]7[C@H]6O)C(C)(C)C5CC[C@]43C)[C@@H]2C1
295,DiaNatDB-116,C1=CC(=CC=C1C2=CC(=O)C3=C(C(=C(C=C3O2)O[C@H]4[C@@H]([C@H]([C@@H]([C@H](O4)C(=O)O)O)O)O)O)O)O,DiaNat-DB,O=C(O)[C@H]1O[C@@H](Oc2cc3oc(-c4ccc(O)cc4)cc(=O)c3c(O)c2O)[C@H](O)[C@@H](O)[C@@H]1O
296,DiaNatDB-117,C1=CC(=C(C=C1/C=C/C(=O)O)O)O,DiaNat-DB,O=C(O)/C=C/c1ccc(O)c(O)c1
297,DiaNatDB-118,CC(C)/C=C/CCCCC(=O)NCC1=CC(=C(C=C1)O)OC,DiaNat-DB,COc1cc(CNC(=O)CCCC/C=C/C(C)C)ccc1O
298,DiaNatDB-119,CC1=CCC(CC1=O)C(=C)C,DiaNat-DB,C=C(C)C1CC=C(C)C(=O)C1
299,DiaNatDB-120,C1CN2C[C@@H]([C@H]([C@@H]([C@H]2[C@H]1O)O)O)O,DiaNat-DB,O[C@H]1[C@H](O)[C@@H](O)CN2CC[C@H](O)[C@H]12
300,DiaNatDB-121,CC(CC(=O)O)(CC(=O)OCC1[C@H]([C@@H](C([C@@H](O1)OC2=CC(=C3C(=C2)OC(=CC3=O)C4=CC=C(C=C4)O)O)O)O)O)O,DiaNat-DB,CC(O)(CC(=O)O)CC(=O)OCC1O[C@@H](Oc2cc(O)c3c(=O)cc(-c4ccc(O)cc4)oc3c2)C(O)[C@@H](O)[C@@H]1O
301,DiaNatDB-122,C1[C@H]([C@H](OC2=C3[C@H](CC(=O)OC3=CC(=C21)O)C4=CC(=C(C=C4)O)O)C5=CC(=C(C=C5)O)O)O,DiaNat-DB,O=C1C[C@H](c2ccc(O)c(O)c2)c2c(cc(O)c3c2O[C@H](c2ccc(O)c(O)c2)[C@H](O)C3)O1
302,DiaNatDB-123,C1=CC=C2C(=C1)C=CC(=O)O2,DiaNat-DB,O=c1ccc2ccccc2o1
303,DiaNatDB-124,CN1C2=CC=CC=C2C=C3C1=C4C=CC=CC4=N3,DiaNat-DB,Cn1c2c3ccccc3nc-2cc2ccccc21
304,DiaNatDB-125,CC(C)CCCC(C)C1CCC2(C1(CCC34C2CCC5C3(C4)CCC(C5(C)C)O)C)C,DiaNat-DB,CC(C)CCCC(C)C1CCC2(C)C3CCC4C(C)(C)C(O)CCC45CC35CCC12C
305,DiaNatDB-126,C1(C(C(C(C(C1O)O)O)O)O)O,DiaNat-DB,OC1C(O)C(O)C(O)C(O)C1O
306,DiaNatDB-127,CC1[C@@H](C([C@@H]([C@@H](O1)OC2=C(OC3=CC(=CC(=C3C2=O)O)O)C4=CC(=C(C(=C4)O)O)O)OC(=O)C5=CC(=C(C(=C5)O)O)O)O)O,DiaNat-DB,CC1O[C@@H](Oc2c(-c3cc(O)c(O)c(O)c3)oc3cc(O)cc(O)c3c2=O)[C@@H](OC(=O)c2cc(O)c(O)c(O)c2)C(O)[C@H]1O
307,DiaNatDB-128,COC1[C@@H]([C@H](C([C@@H]([C@@H]1O)O)O)O)O,DiaNat-DB,COC1[C@@H](O)[C@@H](O)C(O)[C@H](O)[C@H]1O
308,DiaNatDB-129,C1[C@H]([C@H](OC2=CC(=CC(=C21)O)O)C3=CC(=C(C(=C3)O)O)O)O,DiaNat-DB,Oc1cc(O)c2c(c1)O[C@H](c1cc(O)c(O)c(O)c1)[C@H](O)C2
309,DiaNatDB-13,C1=CC(=C(C=C1C2=CC(=O)C3=C(C=C(C=C3O2)O)O)O)O,DiaNat-DB,O=c1cc(-c2ccc(O)c(O)c2)oc2cc(O)cc(O)c12
310,DiaNatDB-130,C1[C@H]([C@H](OC2=CC(=CC(=C21)O)O)C3=CC(=C(C(=C3)O)O)O)OC(=O)C4=CC(=C(C(=C4)O)O)O,DiaNat-DB,O=C(O[C@@H]1Cc2c(O)cc(O)cc2O[C@@H]1c1cc(O)c(O)c(O)c1)c1cc(O)c(O)c(O)c1
311,DiaNatDB-131,CC1=CC[C@@H]2[C@@H]([C@@H]3[C@H]1CCC3=C)OC(=O)C2=C,DiaNat-DB,C=C1CC[C@H]2C(C)=CC[C@H]3C(=C)C(=O)O[C@@H]3[C@@H]12
312,DiaNatDB-132,COC1=C(C=CC(=C1)CC=C)O,DiaNat-DB,C=CCc1ccc(O)c(OC)c1
313,DiaNatDB-133,C1CN[C@@H]([C@H]([C@@H]1O)O)CO,DiaNat-DB,OC[C@H]1NCC[C@@H](O)[C@@H]1O
314,DiaNatDB-134,C([C@@H]1[C@@H]([C@@H]([C@H]([C@H](O1)OC[C@@H]2[C@H]([C@@H]([C@@H]([C@@H](O2)O)O)O)O[C@H]3[C@H]([C@H]([C@@H]([C@H](O3)CO)O)O)O)O)O)O)O,DiaNat-DB,OC[C@H]1O[C@H](OC[C@H]2O[C@@H](O)[C@@H](O)[C@@H](O)[C@@H]2O[C@@H]2O[C@H](CO)[C@@H](O)[C@H](O)[C@@H]2O)[C@H](O)[C@@H](O)[C@H]1O
315,DiaNatDB-135,CC(=CCN=C(N)N)C,DiaNat-DB,CC(C)=CCN=C(N)N
316,DiaNatDB-136,C1[C@@H]2[C@@H]3[C@@H]([C@H]([C@@H](O2)OC(=O)C4=CC(=C(C(=C4)O)O)O)OC(=O)C5=CC(=C(C6=C5[C@@H]7C(=CC(=O)[C@@](C7(O)O)(O6)O)C(=O)O3)O)O)OC(=O)C8=CC(=C(C(=C8C9=C(C(=C(C=C9C(=O)O1)O)O)O)O)O)O,DiaNat-DB,O=C1O[C@H]2[C@@H]3OC(=O)c4cc(O)c(O)c(O)c4-c4c(cc(O)c(O)c4O)C(=O)OC[C@H]2O[C@@H](OC(=O)c2cc(O)c(O)c(O)c2)[C@@H]3OC(=O)c2cc(O)c(O)c3c2[C@@H]2C1=CC(=O)[C@](O)(O3)C2(O)O
317,DiaNatDB-137,CC/C(=C/CC[C@@](C)(C1CC[C@]2(C1[C@H](CC3C2C[C@H](C4[C@@]3(CCC(C4(C)C)O)C)O[C@H]5[C@@H]([C@H]([C@@H]([C@H](O5)CO)O)O)O[C@H]6[C@@H]([C@@H]([C@H]([C@@H](O6)C)O)O)O)O)C)O)/C,DiaNat-DB,CC/C(C)=C/CC[C@](C)(O)C1CC[C@]2(C)C3C[C@@H](O[C@@H]4O[C@H](CO)[C@@H](O)[C@H](O)[C@H]4O[C@@H]4O[C@@H](C)[C@H](O)[C@@H](O)[C@H]4O)C4C(C)(C)C(O)CC[C@]4(C)C3C[C@H](O)C12
318,DiaNatDB-138,CC1=C2C(=C3C(=C1)C4=CC=CC=C4N3)C=CC(O2)(C)C,DiaNat-DB,Cc1cc2c([nH]c3ccccc32)c2c1OC(C)(C)C=C2
319,DiaNatDB-139,CC(=CCC1=C(C=C2C(=C1OC)C=C(C(=O)O2)C3=C(C=C(C=C3)O)O)OC)C,DiaNat-DB,COc1cc2oc(=O)c(-c3ccc(O)cc3O)cc2c(OC)c1CC=C(C)C
320,DiaNatDB-14,C/C=C/1\[C@@H](C(=CO[C@H]1O[C@H]2[C@@H]([C@H]([C@@H]([C@H](O2)CO)O)O)O)C(=O)OC)CC(=O)OCCC3=CC(=C(C=C3)O)O,DiaNat-DB,C/C=C1/[C@H](O[C@@H]2O[C@H](CO)[C@@H](O)[C@H](O)[C@H]2O)OC=C(C(=O)OC)[C@H]1CC(=O)OCCc1ccc(O)c(O)c1
321,DiaNatDB-140,C[C@]12CC[C@](C[C@H]1C3=CC(=O)[C@@H]4[C@]5(CC[C@@H](C([C@@H]5CC[C@]4([C@@]3(CC2)C)C)(C)C)O[C@H]6[C@@H]([C@H]([C@@H]([C@H](O6)C(=O)O)O)O)O[C@H]7[C@@H]([C@H]([C@@H]([C@H](O7)C(=O)O)O)O)O)C)(C)C(=O)O,DiaNat-DB,CC1(C)[C@@H](O[C@@H]2O[C@H](C(=O)O)[C@@H](O)[C@H](O)[C@H]2O[C@@H]2O[C@H](C(=O)O)[C@@H](O)[C@H](O)[C@H]2O)CC[C@]2(C)[C@H]3C(=O)C=C4[C@@H]5C[C@@](C)(C(=O)O)CC[C@]5(C)CC[C@@]4(C)[C@]3(C)CC[C@@H]12
322,DiaNatDB-141,CC1=C(C(=C2C(=C1)C(=C(C(=C2C=O)O)O)C(C)C)O)C3=C(C=C4C(=C3O)C(=C(C(=C4C(C)C)O)O)C=O)C,DiaNat-DB,Cc1cc2c(C(C)C)c(O)c(O)c(C=O)c2c(O)c1-c1c(C)cc2c(C(C)C)c(O)c(O)c(C=O)c2c1O
323,DiaNatDB-142,C1[C@@H](C(C([C@@H](O1)OC2=C(OC3=CC(=CC(=C3C2=O)O)O)C4=CC(=C(C=C4)O)O)O)O)O,DiaNat-DB,O=c1c(O[C@@H]2OC[C@H](O)C(O)C2O)c(-c2ccc(O)c(O)c2)oc2cc(O)cc(O)c12
324,DiaNatDB-143,C/C=C(\C)/C(=O)O[C@H]1[C@@H]([C@@]2([C@H](C[C@@]3(C(=CC[C@H]4[C@]3(CC[C@@H]5[C@@]4(CC[C@@H]([C@@]5(C)CO)O[C@H]6[C@@H]([C@H]([C@@H]([C@H](O6)C(=O)O)O)O)O)C)C)[C@@H]2CC1(C)C)C)O)COC(=O)C)O,DiaNat-DB,C/C=C(\C)C(=O)O[C@H]1[C@H](O)[C@]2(COC(C)=O)[C@@H](O)C[C@]3(C)C(=CC[C@@H]4[C@@]5(C)CC[C@H](O[C@@H]6O[C@H](C(=O)O)[C@@H](O)[C@H](O)[C@H]6O)[C@@](C)(CO)[C@@H]5CC[C@]43C)[C@@H]2CC1(C)C
325,DiaNatDB-144,C[C@@]1(C[C@H]([C@]2([C@@H]1[C@@H](OC=C2)O[C@H]3[C@@H]([C@H]([C@@H]([C@H](O3)CO)O)O)O)O)O)OC(=O)/C=C/C4=CC=CC=C4,DiaNat-DB,C[C@]1(OC(=O)/C=C/c2ccccc2)C[C@@H](O)[C@]2(O)C=CO[C@@H](O[C@@H]3O[C@H](CO)[C@@H](O)[C@H](O)[C@H]3O)[C@@H]21
326,DiaNatDB-145,C[C@@]1(C[C@H]([C@]2([C@H]1[C@@H](OC=C2)O[C@H]3[C@@H]([C@H]([C@@H]([C@H](O3)CO)O)O)O)O)OC)OC(=O)/C=C/C4=CC=CC=C4,DiaNat-DB,CO[C@@H]1C[C@](C)(OC(=O)/C=C/c2ccccc2)[C@@H]2[C@H](O[C@@H]3O[C@H](CO)[C@@H](O)[C@H](O)[C@H]3O)OC=C[C@]21O
327,DiaNatDB-146,C[C@]12CC[C@@H]([C@@]([C@@H]1CC[C@@]3([C@@H]2CC=C4[C@]3(CC[C@@]5([C@H]4CC(CC5)(C)C)C(=O)O)C)C)(C)CO)O,DiaNat-DB,CC1(C)CC[C@]2(C(=O)O)CC[C@]3(C)C(=CC[C@@H]4[C@@]5(C)CC[C@H](O)[C@@](C)(CO)[C@@H]5CC[C@]43C)[C@@H]2C1
328,DiaNatDB-147,COC1=C(C=CC(=C1)C2C(OC3=C(O2)C=CC(=C3)C4=CC(=O)C5=C(C=C(C=C5O4)O)O)CO)O,DiaNat-DB,COc1cc(C2Oc3ccc(-c4cc(=O)c5c(O)cc(O)cc5o4)cc3OC2CO)ccc1O
329,DiaNatDB-148,COC1=C(C=CC(=C1)/C=C(\CO)/C2=CC(=CC(=C2O)OC)[C@H]3[C@@H](OC4=C(O3)C=C(C=C4)C5=CC(=O)C6=C(C=C(C=C6O5)O)O)CO)O,DiaNat-DB,COc1cc(/C=C(\CO)c2cc([C@@H]3Oc4cc(-c5cc(=O)c6c(O)cc(O)cc6o5)ccc4O[C@H]3CO)cc(OC)c2O)ccc1O
330,DiaNatDB-149,C=C1[C@@H]2[C@H](C[C@]34[C@H](O3)CC/C(=C/[C@H]2OC1=O)/CO[C@H]4O)OC(=O)C(=C)CO,DiaNat-DB,C=C(CO)C(=O)O[C@H]1C[C@@]23O[C@@H]2CC/C(=C/[C@H]2OC(=O)C(=C)[C@H]12)CO[C@H]3O
331,DiaNatDB-15,C=C[C@@H]1[C@@H]2CCOC(=O)C2=CO[C@H]1O[C@H]3[C@@H]([C@H]([C@@H]([C@H](O3)CO)O)O)O,DiaNat-DB,C=C[C@H]1[C@H](O[C@@H]2O[C@H](CO)[C@@H](O)[C@H](O)[C@H]2O)OC=C2C(=O)OCC[C@H]21
332,DiaNatDB-150,C=C1CC1CC(C(=O)O)N,DiaNat-DB,C=C1CC1CC(N)C(=O)O
333,DiaNatDB-151,C=C1CC1CC(C(=O)O)NC(=O)CCC(C(=O)O)N,DiaNat-DB,C=C1CC1CC(NC(=O)CCC(N)C(=O)O)C(=O)O
334,DiaNatDB-152,COC[C@@H]1CC2=CC(=C3C(=C2[C@@H](C1COC)C4=CC(=C(C=C4)OC)OC)OCO3)OC,DiaNat-DB,COCC1[C@H](COC)Cc2cc(OC)c3c(c2[C@@H]1c1ccc(OC)c(OC)c1)OCO3
335,DiaNatDB-153,C1=CC=C2C(=C1)C(=CN2)CC(=O)O,DiaNat-DB,O=C(O)Cc1c[nH]c2ccccc12
336,DiaNatDB-154,COC1=C(C2=C[N+]3=C(C=C2C=C1)C4=CC(=C(C=C4CC3)O)OC)OC,DiaNat-DB,COc1cc2c(cc1O)CC[n+]1cc3c(OC)c(OC)ccc3cc1-2
337,DiaNatDB-155,C[C@@]12CCC[C@@]([C@H]1CC[C@]34[C@H]2CC[C@H](C3)C(=C)C4)(C)C(=O)O,DiaNat-DB,C=C1C[C@@]23CC[C@H]4[C@@](C)(CCC[C@@]4(C)C(=O)O)[C@@H]2CC[C@@H]1C3
338,DiaNatDB-156,COC1=C(C=C(C=C1)[C@@H]2[C@H](C(=O)C3=C(O2)C(=C(C=C3O)O)[C@@H]4[C@H](OC5=CC(=CC(=C5C4=O)O)O)C6=CC=C(C=C6)O)O)O,DiaNat-DB,COc1ccc([C@H]2Oc3c(c(O)cc(O)c3[C@H]3C(=O)c4c(O)cc(O)cc4O[C@@H]3c3ccc(O)cc3)C(=O)[C@@H]2O)cc1O
339,DiaNatDB-157,C1[C@H]([C@@H]([C@H]([S+]1C[C@H]([C@H]([C@@H]([C@@H]([C@H](CO)O)O)O)OS(=O)(=O)[O-])O)CO)O)O,DiaNat-DB,O=S(=O)([O-])O[C@@H]([C@H](O)[C@H](O)[C@@H](O)CO)[C@H](O)C[S+]1C[C@@H](O)[C@H](O)[C@H]1CO
340,DiaNatDB-158,C1=CN=C(N=C1C[C@@H](C(=O)O)N)N,DiaNat-DB,Nc1nccc(C[C@H](N)C(=O)O)n1
341,DiaNatDB-159,CC1=CC=C(C=C1)S(=O)(=O)N2CCCN(CCCN(CC(=C)C2)S(=O)(=O)C3=CC=C(C=C3)C)CC4=CC=CC=C4,DiaNat-DB,C=C1CN(S(=O)(=O)c2ccc(C)cc2)CCCN(Cc2ccccc2)CCCN(S(=O)(=O)c2ccc(C)cc2)C1
342,DiaNatDB-16,C=C[C@H]1[C@@H](OC=C2[C@]1(CCOC2=O)O)O[C@H]3[C@@H]([C@H]([C@@H]([C@H](O3)CO)O)O)OC(=O)C4=C(C=C(C=C4C5=CC(=CC=C5)O)O)O,DiaNat-DB,C=C[C@H]1[C@H](O[C@@H]2O[C@H](CO)[C@@H](O)[C@H](O)[C@H]2OC(=O)c2c(O)cc(O)cc2-c2cccc(O)c2)OC=C2C(=O)OCC[C@]21O
343,DiaNatDB-160,C[C@@H]([C@@H](C1=CC=CC=C1)O)NC,DiaNat-DB,CN[C@@H](C)[C@H](O)c1ccccc1
344,DiaNatDB-161,CC1=CC=NC2=CC=CC=C12,DiaNat-DB,Cc1ccnc2ccccc12
345,DiaNatDB-162,C1=C(C=C(C(=C1O)O)O)C2C(C(C3=C(C=C(C=C3O2)O)O)O)O,DiaNat-DB,Oc1cc(O)c2c(c1)OC(c1cc(O)c(O)c(O)c1)C(O)C2O
346,DiaNatDB-163,C1=CC(=CC=C1C2C(C(C3=C(C=C(C=C3O2)O)O)O)O)O,DiaNat-DB,Oc1ccc(C2Oc3cc(O)cc(O)c3C(O)C2O)cc1
347,DiaNatDB-164,C1=CC(=C(C=C1CC(C(=O)O)OC(=O)/C=C/C2=C3C(C(OC3=C(C=C2)O)C4=CC(=CC(=C4)O)O)C(=O)OC(CC5=CC(=C(C=C5)O)O)C(=O)O)O)O,DiaNat-DB,O=C(/C=C/c1ccc(O)c2c1C(C(=O)OC(Cc1ccc(O)c(O)c1)C(=O)O)C(c1cc(O)cc(O)c1)O2)OC(Cc1ccc(O)c(O)c1)C(=O)O
348,DiaNatDB-165,C1CCN2C[C@@H]3C[C@H]([C@@H]2C1)CN4[C@@H]3CCCC4=O,DiaNat-DB,O=C1CCC[C@@H]2[C@H]3C[C@@H](CN12)[C@@H]1CCCCN1C3
349,DiaNatDB-166,C[C@H](CC1=CC(=C(C=C1)O)O)[C@@H](C)CC2=CC(=C(C=C2)O)O,DiaNat-DB,C[C@H](Cc1ccc(O)c(O)c1)[C@@H](C)Cc1ccc(O)c(O)c1
350,DiaNatDB-167,CC1[C@@H](C([C@@H]([C@@H](O1)OC2=C(OC3=CC(=CC(=C3C2=O)O)O)C4=CC(=C(C(=C4)O)OC)O)O)O)O,DiaNat-DB,COc1c(O)cc(-c2oc3cc(O)cc(O)c3c(=O)c2O[C@@H]2OC(C)[C@H](O)C(O)[C@@H]2O)cc1O
351,DiaNatDB-168,COC1=C2C(=C(C=C1)O)C(=O)C3=C(C=C(C=C3O2)OC)O,DiaNat-DB,COc1cc(O)c2c(=O)c3c(O)ccc(OC)c3oc2c1
352,DiaNatDB-169,C=C(C(=O)O)NC1CC1,DiaNat-DB,C=C(NC1CC1)C(=O)O
353,DiaNatDB-17,OC[C@H]1O[C@@H](O[C@H]2OC=C(C(OCC3)=O)[C@]3([H])[C@H]2C=C)[C@H](OC(C4=C(O)C=C(O)C=C4C5=CC(O)=CC=C5)=O)[C@H](O)[C@@H]1O,DiaNat-DB,C=C[C@H]1[C@@H](O[C@@H]2O[C@H](CO)[C@@H](O)[C@@H](O)[C@H]2OC(=O)c2c(O)cc(O)cc2-c2cccc(O)c2)OC=C2C(=O)OCC[C@H]21
354,DiaNatDB-170,COC1=C(C2=C(C=C1)OC3=CC(=CC(=C3C2=O)O)OC)O,DiaNat-DB,COc1cc(O)c2c(=O)c3c(O)c(OC)ccc3oc2c1
355,DiaNatDB-171,C1=CN(C=C(C1=O)O)CC(C(=O)O)N,DiaNat-DB,NC(Cn1ccc(=O)c(O)c1)C(=O)O
356,DiaNatDB-172,C[C@]12CC[C@@H](C([C@@H]1CC[C@@]3([C@@H]2CC=C4[C@]3(CC[C@@]5([C@H]4CC(CC5)(C)C)C(=O)O)C)C)(C)C)O[C@H]6[C@@H]([C@H]([C@@H]([C@H](O6)C(=O)O)O)O[C@H]7[C@@H]([C@H]([C@@H](CO7)O)O)O)O,DiaNat-DB,CC1(C)CC[C@]2(C(=O)O)CC[C@]3(C)C(=CC[C@@H]4[C@@]5(C)CC[C@H](O[C@@H]6O[C@H](C(=O)O)[C@@H](O)[C@H](O[C@@H]7OC[C@@H](O)[C@H](O)[C@H]7O)[C@H]6O)C(C)(C)[C@@H]5CC[C@]43C)[C@@H]2C1
357,DiaNatDB-173,C1=CC2=C(C=C1O)OC(=C2)C3=CC(=CC(=C3)O)O,DiaNat-DB,Oc1cc(O)cc(-c2cc3ccc(O)cc3o2)c1
358,DiaNatDB-174,CC1=C(C2=C(C(=C1O[C@H]3[C@@H]([C@H]([C@@H]([C@H](O3)CO)O)O)O)C)O[C@@H](CC2=O)C4=C(C=CC(=C4)O)O)O,DiaNat-DB,Cc1c(O)c2c(c(C)c1O[C@@H]1O[C@H](CO)[C@@H](O)[C@H](O)[C@H]1O)O[C@H](c1cc(O)ccc1O)CC2=O
359,DiaNatDB-175,CC1=C(C2=C(C(=C1O[C@H]3[C@@H]([C@H]([C@@H]([C@H](O3)CO)O)O)O)C)O[C@@H](CC2=O)C4=C(C=CC(=C4)OC)O)O,DiaNat-DB,COc1ccc(O)c([C@@H]2CC(=O)c3c(O)c(C)c(O[C@@H]4O[C@H](CO)[C@@H](O)[C@H](O)[C@H]4O)c(C)c3O2)c1
360,DiaNatDB-176,CC(=O)C1=C(C=C(C=C1O[C@H]2[C@@H]([C@H]([C@@H]([C@H](O2)COC(=O)C3=CC(=C(C(=C3)O)O)O)O)O)O)O)O,DiaNat-DB,CC(=O)c1c(O)cc(O)cc1O[C@@H]1O[C@H](COC(=O)c2cc(O)c(O)c(O)c2)[C@@H](O)[C@H](O)[C@H]1O
361,DiaNatDB-177,C1=C(C=C(C(=C1O)O)O)C2=C(C(=O)C3=C(C=C(C=C3O2)O)O)O,DiaNat-DB,O=c1c(O)c(-c2cc(O)c(O)c(O)c2)oc2cc(O)cc(O)c12
362,DiaNatDB-178,C[C@H]1[C@@H]([C@H]([C@H]([C@@H](O1)OC2=C(OC3=CC(=CC(=C3C2=O)O)O)C4=CC(=C(C(=C4)O)O)O)O)O)O,DiaNat-DB,C[C@@H]1O[C@@H](Oc2c(-c3cc(O)c(O)c(O)c3)oc3cc(O)cc(O)c3c2=O)[C@H](O)[C@H](O)[C@H]1O
363,DiaNatDB-179,COC1=CC(=CC2=C1OCO2)CC=C,DiaNat-DB,C=CCc1cc(OC)c2c(c1)OCO2
364,DiaNatDB-18,C1=C2C(=CC(=C1O)O)OC3=CC(=C(C(=C3C2=O)O)C4C(C(C(C(O4)CO)O)O)O)O,DiaNat-DB,O=c1c2cc(O)c(O)cc2oc2cc(O)c(C3OC(CO)C(O)C(O)C3O)c(O)c12
365,DiaNatDB-180,C1=C(C=C(C(=C1O)O)O)C2=C(C=C3C(=CC(=CC3=[O+]2)O)O)O[C@H]4[C@@H]([C@H]([C@@H]([C@H](O4)CO)O)O)O.[Cl-],DiaNat-DB,OC[C@H]1O[C@@H](Oc2cc3c(O)cc(O)cc3[o+]c2-c2cc(O)c(O)c(O)c2)[C@H](O)[C@@H](O)[C@@H]1O
366,DiaNatDB-181,COC1=C(C=CC(=C1)[C@@H]2[C@@H](C3=C(C4=CC(=C(C=C24)O)O)OC5=CC(=CC(=C5C3=O)O)O)CO)O,DiaNat-DB,COc1cc([C@H]2c3cc(O)c(O)cc3-c3oc4cc(O)cc(O)c4c(=O)c3[C@H]2CO)ccc1O
367,DiaNatDB-182,CN1CCC2=CC(=C(C3=C2[C@H]1CC4=CC=CC=C43)OC)OC,DiaNat-DB,COc1cc2c3c(c1OC)-c1ccccc1C[C@H]3N(C)CC2
368,DiaNatDB-183,CCCC[C@@H](C)[C@H]1CC[C@@H]2[C@@]1(CC[C@H]3[C@H]2CC=C4[C@@]3(CC[C@@H](C4)O)C)C,DiaNat-DB,CCCC[C@@H](C)[C@H]1CC[C@H]2[C@@H]3CC=C4C[C@@H](O)CC[C@]4(C)[C@H]3CC[C@]12C
369,DiaNatDB-184,CC1C(C(CC(O1)O[C@H]2CC[C@]3([C@@H](C2)CC[C@@H]4[C@@H]3CC[C@]5([C@@]4(C[C@@H]([C@@H]5C6=CC(=O)OC6)OC(=O)C)O)C)C)OC)O,DiaNat-DB,COC1CC(O[C@H]2CC[C@@]3(C)[C@H](CC[C@@H]4[C@@H]3CC[C@]3(C)[C@@H](C5=CC(=O)OC5)[C@@H](OC(C)=O)C[C@]43O)C2)OC(C)C1O
370,DiaNatDB-185,C[C@]12CC[C@@H](C([C@@H]1CC[C@@]3([C@@H]2CC=C4[C@]3(CC[C@@]5([C@H]4CC(CC5)(C)C)C(=O)O)C)C)(C)C)O,DiaNat-DB,CC1(C)CC[C@]2(C(=O)O)CC[C@]3(C)C(=CC[C@@H]4[C@@]5(C)CC[C@H](O)C(C)(C)[C@@H]5CC[C@]43C)[C@@H]2C1
371,DiaNatDB-186,C[C@@]12C[C@]3([C@@H]4C[C@]1([C@@]4([C@H](O2)O3)COC(=O)C5=CC=CC=C5)O[C@H]6[C@@H]([C@H]([C@@H]([C@H](O6)CO)O)O)O)O,DiaNat-DB,C[C@]12C[C@]3(O)O[C@@H](O1)[C@]1(COC(=O)c4ccccc4)[C@H]3C[C@@]12O[C@@H]1O[C@H](CO)[C@@H](O)[C@H](O)[C@H]1O
372,DiaNatDB-187,COC1=C(C2=C[N+]3=C(C=C2C=C1)C4=CC(=C(C=C4CC3)OC)OC)OC,DiaNat-DB,COc1cc2c(cc1OC)-c1cc3ccc(OC)c(OC)c3c[n+]1CC2
373,DiaNatDB-188,[C@@H]1([C@H]([C@H](O[C@H]([C@@H]1O)O)C(=O)O)O)O,DiaNat-DB,O=C(O)[C@H]1O[C@@H](O)[C@H](O)[C@@H](O)[C@H]1O
374,DiaNatDB-189,C1[C@@H]2[C@H]([C@H]3[C@H](C(O2)O)OC(=O)C4=CC(=C(C(=C4C5=C(C(=C(C=C5C(=O)O3)O)O)O)O)O)O)OC(=O)C6=CC(=C(C(=C6C7=C(C(=C(C=C7C(=O)O1)O)O)O)O)O)O,DiaNat-DB,O=C1OC[C@H]2OC(O)[C@@H]3OC(=O)c4cc(O)c(O)c(O)c4-c4c(cc(O)c(O)c4O)C(=O)O[C@H]3[C@@H]2OC(=O)c2cc(O)c(O)c(O)c2-c2c1cc(O)c(O)c2O
375,DiaNatDB-19,C=C[C@H]1[C@@H](OC=C2[C@]1(CCOC2=O)O)O[C@H]3[C@@H]([C@H]([C@@H]([C@H](O3)CO)O)O)O,DiaNat-DB,C=C[C@H]1[C@H](O[C@@H]2O[C@H](CO)[C@@H](O)[C@H](O)[C@H]2O)OC=C2C(=O)OCC[C@]21O
376,DiaNatDB-190,C[C@@H]1[C@H]([C@@H]([C@@H]([C@H](O1)O[C@H]2[C@H]([C@@H](CO[C@H]2O[C@H]3CC[C@@]4(C5CC[C@H]6[C@H](CC[C@]6([C@@]5(CCC4C3(C)C)C)C)[C@]7(C[C@@H](O[C@H]7O)C=C(C)C)O)C)O)O[C@H]8[C@@H]([C@H]([C@@H]([C@H](O8)CO)O)O)O)O)O)O,DiaNat-DB,CC(C)=C[C@H]1C[C@](O)([C@H]2CC[C@]3(C)[C@H]2CCC2[C@@]4(C)CC[C@H](O[C@@H]5OC[C@@H](O)[C@H](O[C@@H]6O[C@H](CO)[C@@H](O)[C@H](O)[C@H]6O)[C@@H]5O[C@H]5O[C@H](C)[C@@H](O)[C@H](O)[C@@H]5O)C(C)(C)C4CC[C@]23C)[C@H](O)O1
377,DiaNatDB-191,COC[C@@H](CC1=CC(=C(C=C1)OC)OC)[C@H](CC2=CC(=C(C=C2)OC)OC)COC,DiaNat-DB,COC[C@@H](Cc1ccc(OC)c(OC)c1)[C@@H](COC)Cc1ccc(OC)c(OC)c1
378,DiaNatDB-192,COC1=C(C=C(C=C1O)C2[C@@H](CC3=C(O2)C(=C(C=C3O)O)[C@@H]4[C@H]([C@H](OC5=CC(=CC(=C45)O)O)C6=CC=C(C=C6)O)O)O)O,DiaNat-DB,COc1c(O)cc(C2Oc3c(c(O)cc(O)c3[C@H]3c4c(O)cc(O)cc4O[C@H](c4ccc(O)cc4)[C@@H]3O)C[C@H]2O)cc1O
379,DiaNatDB-193,C[C@H]1[C@@H]([C@H]([C@H]([C@@H](O1)O[C@@H]2[C@H]([C@@H](O[C@@H]([C@H]2OC(=O)/C=C/C3=CC(=C(C=C3)O)O)CO[C@H]4[C@@H]([C@H]([C@H]([C@H](O4)CO)O)O)O)OCCC5=CC(=C(C=C5)O)O)O)O)O)O,DiaNat-DB,C[C@@H]1O[C@@H](O[C@@H]2[C@@H](O)[C@H](OCCc3ccc(O)c(O)c3)O[C@H](CO[C@@H]3O[C@H](CO)[C@H](O)[C@H](O)[C@H]3O)[C@H]2OC(=O)/C=C/c2ccc(O)c(O)c2)[C@H](O)[C@H](O)[C@H]1O
380,DiaNatDB-194,C[C@H]1[C@H]([C@H]([C@@H]([C@@H](O1)OC2=C(OC3=CC(=CC(=C3C2=O)O)O)C4=CC(=C(C=C4)O)O)O)O)O,DiaNat-DB,C[C@@H]1O[C@@H](Oc2c(-c3ccc(O)c(O)c3)oc3cc(O)cc(O)c3c2=O)[C@@H](O)[C@H](O)[C@@H]1O
381,DiaNatDB-195,C[C@H]1[C@@H]([C@H]([C@H]([C@@H](O1)OC2=C(OC3=CC(=CC(=C3C2=O)O)O)C4=CC(=C(C=C4)O)O)O)O)O,DiaNat-DB,C[C@@H]1O[C@@H](Oc2c(-c3ccc(O)c(O)c3)oc3cc(O)cc(O)c3c2=O)[C@H](O)[C@H](O)[C@H]1O
382,DiaNatDB-196,C[C@@H]1C[C@@H]2[C@@](CC[C@]3([C@]2(CC[C@@]4([C@@H]3CCC5=C(C(=C(C=C54)O)O)C)C)C)C)([C@@H](C1=O)O)C,DiaNat-DB,Cc1c(O)c(O)cc2c1CC[C@H]1[C@@]2(C)CC[C@@]2(C)[C@@H]3C[C@@H](C)C(=O)[C@@H](O)[C@]3(C)CC[C@]12C
383,DiaNatDB-197,CC1=CC(=O)CC([C@]1(/C=C/[C@@H](C)O[C@H]2[C@@H]([C@H]([C@@H]([C@H](O2)CO)O)O)O)O)(C)C,DiaNat-DB,CC1=CC(=O)CC(C)(C)[C@@]1(O)/C=C/[C@@H](C)O[C@@H]1O[C@H](CO)[C@@H](O)[C@H](O)[C@H]1O
384,DiaNatDB-198,C1=CC(=C(C=C1C[C@H](C(=O)O)OC(=O)/C=C/C2=CC(=C(C=C2)O)O)O)O,DiaNat-DB,O=C(/C=C/c1ccc(O)c(O)c1)O[C@H](Cc1ccc(O)c(O)c1)C(=O)O
385,DiaNatDB-199,C1[C@H]([C@@H]([C@H]([S+]1C[C@H]([C@H](CO)OS(=O)(=O)[O-])O)CO)O)O,DiaNat-DB,O=S(=O)([O-])O[C@@H](CO)[C@H](O)C[S+]1C[C@@H](O)[C@H](O)[C@H]1CO
386,DiaNatDB-2,COC1=C(C2=C[N+]3=C(C=C2C=C1)C4=CC5=C(C=C4CC3)OCO5)OC,DiaNat-DB,COc1ccc2cc3[n+](cc2c1OC)CCc1cc2c(cc1-3)OCO2
387,DiaNatDB-20,OC(C=C1)=CC=C1C2=CC(C3=C(O2)C([C@@]4([H])[C@H](O)[C@@H](O)[C@H](O)[C@@H](CO)O4)=C(O)C=C3O)=O,DiaNat-DB,O=c1cc(-c2ccc(O)cc2)oc2c([C@@H]3O[C@H](CO)[C@@H](O)[C@H](O)[C@H]3O)c(O)cc(O)c12
388,DiaNatDB-200,C[C@@H]1C[C@@H]([C@@H]([C@@]2([C@]13[C@@H]([C@@H](C[C@@H]2OC(=O)C4=CC=CC=C4)C(O3)(C)C)OC(=O)C)COC(=O)C)OC(=O)C)O,DiaNat-DB,CC(=O)OC[C@]12[C@@H](OC(=O)c3ccccc3)C[C@@H]3[C@@H](OC(C)=O)[C@]1(OC3(C)C)[C@H](C)C[C@H](O)[C@@H]2OC(C)=O
389,DiaNatDB-201,C1=CC(=CC=C1CCO[C@H]2[C@@H]([C@H]([C@@H]([C@H](O2)CO)O)O)O)O,DiaNat-DB,OC[C@H]1O[C@@H](OCCc2ccc(O)cc2)[C@H](O)[C@@H](O)[C@@H]1O
390,DiaNatDB-202,C=CCS(=O)CC(C(=O)O)N,DiaNat-DB,C=CC[S+]([O-])CC(N)C(=O)O
391,DiaNatDB-203,C[N+]1=C2C(=C3C=CC4=C(C3=C1)OCO4)C=CC5=CC6=C(C=C52)OCO6,DiaNat-DB,C[n+]1cc2c3c(ccc2c2ccc4cc5c(cc4c21)OCO5)OCO3
392,DiaNatDB-204,CC=C1CN2[C@H]3C[C@H]1C([C@@H]2CC4=C3NC5=C4C=C(C=C5)O)CO,DiaNat-DB,CC=C1CN2[C@H]3C[C@H]1C(CO)[C@@H]2Cc1c3[nH]c2ccc(O)cc12
393,DiaNatDB-205,CC1C(C(C(C(O1)OC2C3C=COC(C3C4(C2O4)CO)OC5C(C(C(C(O5)CO)O)O)O)OC(=O)C)OC(=O)/C=C/C6=CC=CC=C6)OC(=O)C,DiaNat-DB,CC(=O)OC1C(C)OC(OC2C3C=COC(OC4OC(CO)C(O)C(O)C4O)C3C3(CO)OC23)C(OC(C)=O)C1OC(=O)/C=C/c1ccccc1
394,DiaNatDB-206,C[C@H]1[C@H]2C[N+]3=C(C[C@@H]2C(=CO1)C(=O)OC)C4=C(C=C3)C5=CC=CC=C5N4,DiaNat-DB,COC(=O)C1=CO[C@@H](C)[C@H]2C[n+]3ccc4c([nH]c5ccccc54)c3C[C@H]12
395,DiaNatDB-207,CC(=C)[C@@H]1[C@@H]2[C@@H]3[C@@]4([C@]([C@H]1C(=O)O2)(C[C@@H]5[C@]4(O5)C(=O)O3)O)C.C[C@@]12[C@H]3[C@H]4[C@H]([C@@H]([C@@]1(C[C@@H]5[C@]2(O5)C(=O)O3)O)C(=O)O4)C(C)(C)O,DiaNat-DB,CC(C)(O)[C@@H]1[C@H]2OC(=O)[C@@H]1[C@]1(O)C[C@H]3O[C@]34C(=O)O[C@H]2[C@]14C
396,DiaNatDB-208,COC1=C(C2=C(C=C1)C(=C3C=COC3=N2)OC)OC,DiaNat-DB,COc1ccc2c(OC)c3ccoc3nc2c1OC
397,DiaNatDB-209,C1=CC(=CC2=C1C=CC(=O)O2)O[C@H]3[C@@H]([C@H]([C@@H]([C@H](O3)CO)O)O)O,DiaNat-DB,O=c1ccc2ccc(O[C@@H]3O[C@H](CO)[C@@H](O)[C@H](O)[C@H]3O)cc2o1
398,DiaNatDB-21,OC1=CC=C2C(C(C(C(O)=CC(OC)=C3)=C3O2)=O)=C1O,DiaNat-DB,COc1cc(O)c2c(=O)c3c(O)c(O)ccc3oc2c1
399,DiaNatDB-210,CS(=O)CC(C(=O)O)N,DiaNat-DB,C[S+]([O-])CC(N)C(=O)O
400,DiaNatDB-211,CC1CCC2(C(C3C(O2)CC4C3(CCC5C4CC=C6C5(CCC(C6)OC7C(C(C(C(O7)CO)O)OC8C(C(C(C(O8)CO)O)O)O)OC9C(C(C(C(O9)C)O)O)O)C)C)C)NC1,DiaNat-DB,CC1CCC2(NC1)OC1CC3C4CC=C5CC(OC6OC(CO)C(O)C(OC7OC(CO)C(O)C(O)C7O)C6OC6OC(C)C(O)C(O)C6O)CCC5(C)C4CCC3(C)C1C2C
401,DiaNatDB-212,C1CCN2C[C@@H]3C[C@H]([C@H]2C1)CN4[C@H]3CCCC4,DiaNat-DB,C1CCN2C[C@@H]3C[C@@H](CN4CCCC[C@@H]34)[C@H]2C1
402,DiaNatDB-213,C[C@@]12CCC[C@@]([C@H]1CC[C@]34[C@H]2CC[C@](C3)(C(=C)C4)O[C@H]5[C@@H]([C@H]([C@@H]([C@H](O5)CO)O)O)O[C@H]6[C@@H]([C@H]([C@@H]([C@H](O6)CO)O)O)O)(C)C(=O)O[C@H]7[C@@H]([C@H]([C@@H]([C@H](O7)CO)O)O)O,DiaNat-DB,C=C1C[C@@]23CC[C@H]4[C@@](C)(CCC[C@@]4(C)C(=O)O[C@@H]4O[C@H](CO)[C@@H](O)[C@H](O)[C@H]4O)[C@@H]2CC[C@]1(O[C@@H]1O[C@H](CO)[C@@H](O)[C@H](O)[C@H]1O[C@@H]1O[C@H](CO)[C@@H](O)[C@H](O)[C@H]1O)C3
403,DiaNatDB-214,CC[C@H](/C=C/[C@@H](C)[C@H]1CC[C@@H]2[C@@]1(CC[C@H]3[C@H]2CC=C4[C@@]3(CC[C@@H](C4)O)C)C)C(C)C,DiaNat-DB,CC[C@H](/C=C/[C@@H](C)[C@H]1CC[C@H]2[C@@H]3CC=C4C[C@@H](O)CC[C@]4(C)[C@H]3CC[C@]12C)C(C)C
404,DiaNatDB-215,OC1=CC=CC2=C1C(OC(C3=CC=C(O)C=C3)C2)=O,DiaNat-DB,O=C1OC(c2ccc(O)cc2)Cc2cccc(O)c21
405,DiaNatDB-216,C[C@@H]1C[C@@H]2[C@@](CC[C@]3([C@]2(CC[C@@]4(C3=CC=C5C4=CC(=O)C(=C5C)O)C)C)C)(CC1=O)C,DiaNat-DB,CC1=C(O)C(=O)C=C2C1=CC=C1[C@@]2(C)CC[C@@]2(C)[C@@H]3C[C@@H](C)C(=O)C[C@]3(C)CC[C@]12C
406,DiaNatDB-217,C[C@@H]1CC[C@@]2(CC[C@@]3(C(=CC[C@H]4[C@]3(CCC5[C@@]4(C[C@H]([C@H](C5(C)C)O)O)C)C)[C@H]2[C@]1(C)O)C)C(=O)O,DiaNat-DB,C[C@@H]1CC[C@]2(C(=O)O)CC[C@]3(C)C(=CC[C@@H]4[C@@]5(C)C[C@@H](O)[C@@H](O)C(C)(C)C5CC[C@]43C)[C@H]2[C@]1(C)O
407,DiaNatDB-218,C[C@@H]1CCC2[C@@H]([C@@]13C[C@@H](OC3=O)C4=COC=C4)CC(=O)C=C2C,DiaNat-DB,CC1=CC(=O)C[C@H]2C1CC[C@@H](C)[C@]21C[C@H](c2ccoc2)OC1=O
408,DiaNatDB-219,C[N+]1=CC=CC(=C1)C(=O)[O-],DiaNat-DB,C[n+]1cccc(C(=O)[O-])c1
409,DiaNatDB-22,O[C@@H]1C(O)[C@H](O)[C@@H](CO)O[C@H]1C2=C(O)C=C3C(C(C=C(C4=CC(O)=C(O)C=C4)O3)=O)=C2O,DiaNat-DB,O=c1cc(-c2ccc(O)c(O)c2)oc2cc(O)c([C@@H]3O[C@H](CO)[C@@H](O)C(O)[C@H]3O)c(O)c12
410,DiaNatDB-220,C[C@@H]1C[C@@H]2[C@@](CC[C@]3([C@]2(CC[C@@]4([C@@H]3CCC5=C(C(=O)[C@H](C[C@H]54)O)C)C)C)C)([C@@H](C1=O)O)C,DiaNat-DB,CC1=C2CC[C@H]3[C@@](C)(CC[C@@]4(C)[C@@H]5C[C@@H](C)C(=O)[C@@H](O)[C@]5(C)CC[C@]34C)[C@@H]2C[C@H](O)C1=O
411,DiaNatDB-221,C1[C@H]([C@H]([C@H]2N1C[C@@H]([C@H]([C@@H]2O)O)O)O)O,DiaNat-DB,O[C@H]1[C@H](O)[C@@H](O)CN2C[C@@H](O)[C@@H](O)[C@H]12
412,DiaNatDB-222,C1[C@H]([C@H]([C@H]2[C@@H]([C@@H](CN2[C@@H]1O)O)O)O)O,DiaNat-DB,O[C@H]1[C@H]2[C@H](O)[C@H](O)CN2[C@H](O)C[C@H]1O
413,DiaNatDB-223,C[C@@H]1CC[C@@]2(CC[C@@]3(C(=CC[C@H]4[C@]3(CC[C@@H]5[C@@]4(CC[C@@H](C5(C)C)O)C)C)[C@@H]2[C@H]1C)C)C(=O)O,DiaNat-DB,C[C@H]1[C@H](C)CC[C@]2(C(=O)O)CC[C@]3(C)C(=CC[C@@H]4[C@@]5(C)CC[C@H](O)C(C)(C)[C@@H]5CC[C@]43C)[C@H]12
414,DiaNatDB-224,C=C[C@]12C[C@@H]([C@@H]3[C@@H]([C@H]1C(=C)C(=O)OC2)OC(=O)C3=C)OC(=O)C(=C)CO,DiaNat-DB,C=C[C@@]12COC(=O)C(=C)[C@@H]1[C@H]1OC(=O)C(=C)[C@@H]1[C@@H](OC(=O)C(=C)CO)C2
415,DiaNatDB-225,CC(=C)C(=O)O[C@H]1C[C@]23[C@H](O2)CC/C(=C/[C@@H]4[C@@H]1C(=C)C(=O)O4)/CO[C@@H]3O,DiaNat-DB,C=C(C)C(=O)O[C@H]1C[C@@]23O[C@@H]2CC/C(=C/[C@H]2OC(=O)C(=C)[C@H]12)CO[C@@H]3O
416,DiaNatDB-226,COC(=O)[C@H]1[C@H](CC[C@@H]2[C@@H]1C[C@H]3C4=C(CCN3C2)C5=CC=CC=C5N4)O,DiaNat-DB,COC(=O)[C@@H]1[C@H]2C[C@H]3c4[nH]c5ccccc5c4CCN3C[C@@H]2CC[C@@H]1O
417,DiaNatDB-227,OC1=C(O)C(O)=CC(C(OC[C@@H]2[C@@H](O)[C@H](O)[C@@H](O)CO2)=O)=C1,DiaNat-DB,O=C(OC[C@H]1OC[C@H](O)[C@@H](O)[C@@H]1O)c1cc(O)c(O)c(O)c1
418,DiaNatDB-228,OC1=C(O)C(O)=CC(C(O[C@H]2CO[C@H](CO)[C@@H](O)[C@@H]2O)=O)=C1,DiaNat-DB,O=C(O[C@H]1CO[C@H](CO)[C@@H](O)[C@@H]1O)c1cc(O)c(O)c(O)c1
419,DiaNatDB-229,OC1=C(O)C=CC([C@H]2[C@]([C@@]3([H])CO2)([H])C4=C(C(O)=CC(O)=C4)[C@H]3C5=CC(OC)=C(O)C(OC)=C5)=C1,DiaNat-DB,COc1cc([C@@H]2c3c(O)cc(O)cc3[C@@H]3[C@H]2CO[C@H]3c2ccc(O)c(O)c2)cc(OC)c1O
420,DiaNatDB-23,[O-]C(C[N+](C)(C)C)=O,DiaNat-DB,C[N+](C)(C)CC(=O)[O-]
421,DiaNatDB-230,OC1=CC(O)=CC(/C=C/C2=CC(O)=C(O)C(O)=C2)=C1,DiaNat-DB,Oc1cc(O)cc(/C=C/c2cc(O)c(O)c(O)c2)c1
422,DiaNatDB-231,OC1=C(C/C=C(C)/C)C(O)=CC2=C1C(C3=C(C/C=C(C)/C)C(OC)=C(O)C=C3O2)=O,DiaNat-DB,COc1c(O)cc2oc3cc(O)c(CC=C(C)C)c(O)c3c(=O)c2c1CC=C(C)C
423,DiaNatDB-232,OC1=C(C(O)=CC2=C1C(C3=C(C(O)=C(C=C3O2)O)C/C=C(C)\C)=O)C/C=C(C)\C,DiaNat-DB,CC(C)=CCc1c(O)cc2oc3cc(O)c(O)c(CC=C(C)C)c3c(=O)c2c1O
424,DiaNatDB-233,OC1=C(O)C(C(O2)=O)=C([C@@]2([H])[C@@]([H])(C(C)C)CC3)C3=C1,DiaNat-DB,CC(C)[C@H]1CCc2cc(O)c(O)c3c2[C@@H]1OC3=O
425,DiaNatDB-234,O=C1C(C2=CC=C(OC)C=C2)=COC3=C1C=CC(O)=C3,DiaNat-DB,COc1ccc(-c2coc3cc(O)ccc3c2=O)cc1
426,DiaNatDB-235,OC1=C2C3=C(C=C1OC)CC[N+](C)(C)[C@@]3([H+])CC4=CC=C(OC)C(O)=C42,DiaNat-DB,COc1ccc2c(c1O)-c1c(O)c(OC)cc3c1[C@H](C2)[N+](C)(C)CC3
427,DiaNatDB-236,OC(C(OC1=CC(O)=CC(O)=C1)=C2O)=CC3=C2OC4=CC(OC5=C(O)C=C(O)C=C5O)=C(O)C(O)=C4O3,DiaNat-DB,Oc1cc(O)cc(Oc2c(O)cc3c(c2O)Oc2cc(Oc4c(O)cc(O)cc4O)c(O)c(O)c2O3)c1
428,DiaNatDB-237,OC1=C(OC)C=C2C([C@@H](C3=CC(OC)=C(O)C(OC)=C3)[C@@H](CO[C@@H]4[C@H](O)[C@@H](O)C(O)[C@@H](CO)O4)[C@H](CO)C2)=C1OC,DiaNat-DB,COc1cc([C@@H]2c3c(cc(OC)c(O)c3OC)C[C@@H](CO)[C@@H]2CO[C@H]2O[C@H](CO)C(O)[C@H](O)[C@H]2O)cc(OC)c1O
429,DiaNatDB-238,C=C(C)[C@@H]1CC[C@]2(C)CC[C@@]3(C(O)=O)[C@]4(C)CC[C@@]5([H])C(C)(C)[C@]([H])(O)CC[C@]5(C)C4CCC3([H])C21,DiaNat-DB,C=C(C)[C@@H]1CC[C@]2(C)CC[C@]3(C(=O)O)C(CCC4[C@@]5(C)CC[C@@H](O)C(C)(C)[C@@H]5CC[C@]43C)C12
430,DiaNatDB-239,O[C@@H]1[C@H](CO)O[C@@H](O/C(C(O)=O)=C\C2=CC=CC=C2)[C@H](O)[C@H]1O,DiaNat-DB,O=C(O)/C(=C/c1ccccc1)O[C@@H]1O[C@@H](CO)[C@@H](O)[C@H](O)[C@H]1O
431,DiaNatDB-24,OC1=CC=CC2=CC(C)=C(C(C)=O)C(O)=C21,DiaNat-DB,CC(=O)c1c(C)cc2cccc(O)c2c1O
432,DiaNatDB-240,OC([C@@]12CC[C@@]3(C)[C@]4(C)CCC5C(C)(C)[C@@H](O)CC[C@]5(C)[C@@]4([H])CC=C3[C@]1([H])[C@](C)(O)C(C)=CC2)=O,DiaNat-DB,CC1=CC[C@]2(C(=O)O)CC[C@]3(C)C(=CC[C@@H]4[C@@]5(C)CC[C@H](O)C(C)(C)C5CC[C@]43C)[C@@H]2[C@]1(C)O
433,DiaNatDB-241,C[C@H]1[C@@H](O)[C@@H](O)[C@H](O[C@H]2[C@H](O)[C@H](O)[C@@H](O)[C@H](C)O2)C(C3=CC(C(C=C(C4=CC=C(O)C=C4)O5)=O)=C5C=C3O)O1,DiaNat-DB,C[C@@H]1O[C@@H](O[C@@H]2C(c3cc4c(=O)cc(-c5ccc(O)cc5)oc4cc3O)O[C@@H](C)[C@@H](O)[C@H]2O)[C@H](O)[C@H](O)[C@H]1O
434,DiaNatDB-242,CC(C)[C@@H](CC1)[C@]2(C)[C@]1([H])[C@@]([C@]3([H])[C@@](O)(C)CC4)(C3)[C@@]4(C)[C@@H](OC(C)=O)C2,DiaNat-DB,CC(=O)O[C@H]1C[C@]2(C)[C@@H](C(C)C)CC[C@H]2[C@]23C[C@H]2[C@](C)(O)CC[C@]13C
435,DiaNatDB-243,C[C@@]1(O)CC[C@@]2(C)[C@@]([C@@](CC[C@@H]3C(C)C)([H])[C@]3(C(O)=O)CC2)([H])C=C1,DiaNat-DB,CC(C)[C@H]1CC[C@H]2[C@@H]3C=C[C@](C)(O)CC[C@]3(C)CC[C@]12C(=O)O
436,DiaNatDB-244,O=C1OC2([H])CC3([H])C(C)=CC(O)C(O)C3(C)C4([H])C2(CO5)C(C5(C)C(O)C4O)(O)C1O,DiaNat-DB,CC1=CC(O)C(O)C2(C)C1CC1OC(=O)C(O)C3(O)C4(C)OCC13C2C(O)C4O
437,DiaNatDB-245,O=C1OC(C2(CO3)C4([H])C(O)C(O)C3(C)C2(O)C1O)([H])CC(C4(C)C5O)([H])C(C)=CC5=O,DiaNat-DB,CC1=CC(=O)C(O)C2(C)C1CC1OC(=O)C(O)C3(O)C4(C)OCC13C2C(O)C4O
438,DiaNatDB-246,O=C1C2=C(O)C(OC)=C(OC)C=C2OC(C3CC(OC)=C(OC)C(O)=C3)=C1OC,DiaNat-DB,COC1=C(OC)C(O)=CC(c2oc3cc(OC)c(OC)c(O)c3c(=O)c2OC)C1
439,DiaNatDB-248,CC1=C2C(C(C=C(C3=CC=C(OC)C=C3)O2)=O)=C(O)C(C)=C1O,DiaNat-DB,COc1ccc(-c2cc(=O)c3c(O)c(C)c(O)c(C)c3o2)cc1
440,DiaNatDB-249,CC1=C(OC)C(C(C)(O)C)=C2C(C(C=C(C3=CC=C(OC)C=C3)O2)=O)=C1O,DiaNat-DB,COc1ccc(-c2cc(=O)c3c(O)c(C)c(OC)c(C(C)(C)O)c3o2)cc1
441,DiaNatDB-25,CC1=CCC(CC1)C(=C)C,DiaNat-DB,C=C(C)C1CC=C(C)CC1
442,DiaNatDB-250,OCC(O)C(O)(CO)C(O)CO,DiaNat-DB,OCC(O)C(O)(CO)C(O)CO
443,DiaNatDB-251,COC1=C(O)C2=C(OC(C3=CC=C(OC)C=C3)=CC2=O)C=C1O,DiaNat-DB,COc1ccc(-c2cc(=O)c3c(O)c(OC)c(O)cc3o2)cc1
444,DiaNatDB-252,C[C@H]1[C@H](O)[C@@H](O)[C@@H](O)[C@H](OC[C@H]2O[C@@H](OC3=C(OC)C(O)=C(C(C=C(C4=CC=C(OC)C=C4)O5)=O)C5=C3)[C@H](O)[C@@H](O)[C@@H]2O)O1,DiaNat-DB,COc1ccc(-c2cc(=O)c3c(O)c(OC)c(O[C@@H]4O[C@H](CO[C@@H]5O[C@@H](C)[C@H](O)[C@@H](O)[C@H]5O)[C@@H](O)[C@H](O)[C@H]4O)cc3o2)cc1
445,DiaNatDB-253,C[C@@]1(O)[C@](CO)(C)O[C@](C)(OC2[C@](C(O)=O)(C)C(CCC3[C@@]45CCC6(C)[C@@]3(C)CCC6C(CC/C=C(C)/C)C)[C@]4(C5)[C@@H](O)C2)[C@](C)(O)[C@]1(O)C,DiaNat-DB,CC(C)=CCCC(C)C1CC[C@@]2(C)C3CCC4[C@](C)(C(=O)O)C(O[C@@]5(C)O[C@](C)(CO)[C@@](C)(O)[C@](C)(O)[C@@]5(C)O)C[C@H](O)[C@@]45C[C@@]35CCC12C
446,DiaNatDB-254,O=C1CCC2(C)C(CCC3C2CCC4(C)C3CC(/C4=C([H])/C)=O)=C1,DiaNat-DB,C/C=C1/C(=O)CC2C3CCC4=CC(=O)CCC4(C)C3CCC12C
447,DiaNatDB-255,O=C1CCC2(C)C(CCC3C2CCC4(C)C3CC(/C4=C(C)/[H])=O)=C1,DiaNat-DB,C/C=C1\C(=O)CC2C3CCC4=CC(=O)CCC4(C)C3CCC12C
448,DiaNatDB-256,O=C(OC[C@@H](O)[C@@H](O)[C@@H](O)[C@H](O)C(CO)=O)C1=CC(O)=C(O)C(O)=C1,DiaNat-DB,O=C(OC[C@@H](O)[C@@H](O)[C@@H](O)[C@H](O)C(=O)CO)c1cc(O)c(O)c(O)c1
449,DiaNatDB-257,C=C([C@H](CC/C(C)=C/CC/C(C)=C/1)[C@@H]1O2)C2=O,DiaNat-DB,C=C1C(=O)O[C@@H]2/C=C(\C)CC/C=C(\C)CC[C@@H]12
450,DiaNatDB-258,OC(C1=CN=CC=C1)=O,DiaNat-DB,O=C(O)c1cccnc1
451,DiaNatDB-259,CC1=CC=C([C@H](C)CC/C=C(C)/C)C=C1O,DiaNat-DB,CC(C)=CCC[C@@H](C)c1ccc(C)c(O)c1
452,DiaNatDB-26,C=CCSC[C@H](N)C(O)=O,DiaNat-DB,C=CCSC[C@H](N)C(=O)O
453,DiaNatDB-260,OC(C(C(CCCCCCCCCCC)=C1O)=O)=CC1=O,DiaNat-DB,CCCCCCCCCCCC1=C(O)C(=O)C=C(O)C1=O
454,DiaNatDB-261,C=C(C)[C@@H]1CC[C@]2(C(O)=O)CC[C@@]3(C)[C@]4(C)CC[C@@]56[C@](O[C@@H](CCCCCCC)O)(C6)[C@@]([H])(O)[C@@]([H])(O)C[C@]5(C)[C@@]4([H])CCC3[C@@]21[H],DiaNat-DB,C=C(C)[C@@H]1CC[C@]2(C(=O)O)CC[C@]3(C)C(CC[C@@H]4[C@@]5(C)C[C@H](O)[C@H](O)[C@@]6(O[C@H](O)CCCCCCC)C[C@]65CC[C@]43C)[C@H]12
455,DiaNatDB-262,OC(C1C2(CC(O/C([H])=C([H])/C3=CC=CC=C3)=O)O1)C4C2C(OC5O[C@H](CO)C(O)[C@H](O)[C@H]5O)OC=C4,DiaNat-DB,O=C(CC12OC1C(O)C1C=COC(OC3O[C@H](CO)C(O)[C@H](O)[C@H]3O)C12)O/C=C/c1ccccc1
456,DiaNatDB-263,OC1=CC(O)=CC=C1C(/C=C/C2=CC=C(O)C=C2)=O,DiaNat-DB,O=C(/C=C/c1ccc(O)cc1)c1ccc(O)cc1O
457,DiaNatDB-264,O=C(/C=C/C1=CC=C(O)C=C1)C2=CC=C(OC)C=C2OC,DiaNat-DB,COc1ccc(C(=O)/C=C/c2ccc(O)cc2)c(OC)c1
458,DiaNatDB-265,O=C1C2=CC=C(OC(C3=CC=CC=C3)=O)C=C2OC(C4=CC=C(OC(C5=CC=CC=C5)=O)C=C4)C1,DiaNat-DB,O=C(Oc1ccc(C2CC(=O)c3ccc(OC(=O)c4ccccc4)cc3O2)cc1)c1ccccc1
459,DiaNatDB-266,OC1=C(O)C(OC(C)=O)C2C(CC(OC(C)=O)C3C2(C)CCC4=COC=C34)(C)C1OC(C)=O,DiaNat-DB,CC(=O)OC1CC2(C)C(OC(C)=O)C(O)=C(O)C(OC(C)=O)C2C2(C)CCc3cocc3C12
460,DiaNatDB-267,CC1(C)CC[C@]2(C)CC[C@@]3(C)[C@]4(C)CCC5C(C)(C)[C@@H](OC(CCCCCCCCCCCCCCC)=O)CC[C@]5(C)C4CC=C3C2C1,DiaNat-DB,CCCCCCCCCCCCCCCC(=O)O[C@H]1CC[C@@]2(C)C(CC[C@]3(C)C2CC=C2C4CC(C)(C)CC[C@]4(C)CC[C@]23C)C1(C)C
461,DiaNatDB-268,OC1=CC2=C(C([C@H](O[C@@H]3O[C@@H](O)[C@H](O)[C@@H](O)[C@H]3O)[C@@H](C4=CC(O)=C(O)C=C4)O2)=O)C(O)=C1,DiaNat-DB,O=C1c2c(O)cc(O)cc2O[C@H](c2ccc(O)c(O)c2)[C@H]1O[C@@H]1O[C@@H](O)[C@H](O)[C@@H](O)[C@H]1O
462,DiaNatDB-269,O=C(C1=CC=CC=C1C(OCCCC)=O)OCC(C)C,DiaNat-DB,CCCCOC(=O)c1ccccc1C(=O)OCC(C)C
463,DiaNatDB-27,C/C(C)=C/CCC(O)(C)C=C,DiaNat-DB,C=CC(C)(O)CCC=C(C)C
464,DiaNatDB-270,O=C(O1)[C@@]2(C)CCC[C@@]3(C)[C@@]2([H])[C@H]1C[C@@H](C)[C@]3(O)CCC4=COC=C4,DiaNat-DB,C[C@@H]1C[C@H]2OC(=O)[C@@]3(C)CCC[C@@](C)([C@@H]23)[C@@]1(O)CCc1ccoc1
465,DiaNatDB-271,O=C(O/C1=C/CCC)C2=C1CC[C@@H]3C2[C@]45C(C(O/C5=C\CCC)=O)=C[C@H]3CC4,DiaNat-DB,CCC/C=C1\OC(=O)C2=C[C@H]3CC[C@]21C1C2=C(CC[C@H]13)/C(=C\CCC)OC2=O
466,DiaNatDB-272,O=C(O/C1=C/CCC)C2=C1CCC=C2,DiaNat-DB,CCC/C=C1/OC(=O)C2=C1CCC=C2
467,DiaNatDB-273,O=C(O/1)C2=CC=CC=C2C1=C/CCC,DiaNat-DB,CCC/C=C1/OC(=O)c2ccccc21
468,DiaNatDB-274,O[C@@H](C1)CC[C@@]2(C)C1=CC[C@]3([H])[C@]2([H])CC[C@@]4(C)[C@@]3([H])CCC4[C@@H](CCC(CC)C(C)C)C,DiaNat-DB,CCC(CC[C@@H](C)C1CC[C@H]2[C@@H]3CC=C4C[C@H](O)CC[C@]4(C)[C@H]3CC[C@]12C)C(C)C
469,DiaNatDB-275,OC1=CC=C(C2=CC=C(O)C(CC=C)=C2)C=C1CC=C,DiaNat-DB,C=CCc1cc(-c2ccc(O)c(CC=C)c2)ccc1O
470,DiaNatDB-276,C[C@]([C@]1([H])OC(C(C)=C(C)C1)=O)(O2)[C@]3(O)CC[C@@]42[C@]5([H])CC=C([C@@]6(C)[C@@]5([H])CC[C@@]43C)CC=CC6=O,DiaNat-DB,CC1=C(C)C(=O)O[C@@H]([C@@]2(C)O[C@@]34CC[C@]2(O)[C@@]3(C)CC[C@H]2[C@H]4CC=C3CC=CC(=O)[C@@]32C)C1
471,DiaNatDB-277,O[C@]([C@]1([H])OC(C(C)=C(C)C1)=O)(C)[C@]2(O)CC[C@@]3(O)[C@]4([H])CC=C([C@@]5(C)[C@@]4([H])CC[C@@]32C)C=CCC5=O,DiaNat-DB,CC1=C(C)C(=O)O[C@@H]([C@](C)(O)[C@]2(O)CC[C@@]3(O)[C@@H]4CC=C5C=CCC(=O)[C@]5(C)[C@H]4CC[C@]23C)C1
472,DiaNatDB-278,O[C@]([C@]1([H])OC(C(C)=C(C)C1)=O)(C)[C@]2(O)CC[C@@]3(O)[C@]4([H])CC=C([C@@]5(C)[C@@]4([H])CC[C@@]32C)CC=CC5=O,DiaNat-DB,CC1=C(C)C(=O)O[C@@H]([C@](C)(O)[C@]2(O)CC[C@@]3(O)[C@@H]4CC=C5CC=CC(=O)[C@]5(C)[C@H]4CC[C@]23C)C1
473,DiaNatDB-279,O[C@]([C@]1([H])OC(C(C)=C(C)C1)=O)(C)[C@]2(O)C[C@H](O)[C@@]3(O)[C@]4([H])CC=C([C@@]5(C)[C@@]4([H])CC[C@@]32C)CC=CC5=O,DiaNat-DB,CC1=C(C)C(=O)O[C@@H]([C@](C)(O)[C@]2(O)C[C@H](O)[C@@]3(O)[C@@H]4CC=C5CC=CC(=O)[C@]5(C)[C@H]4CC[C@@]32C)C1
474,DiaNatDB-28,CC1=CCC(C(C)(O)C)CC1,DiaNat-DB,CC1=CCC(C(C)(C)O)CC1
475,DiaNatDB-280,O[C@]([C@]1([H])OC(C(C)=C(C)C1)=O)(C)[C@]2(O)CC[C@@]3(O)[C@]4([H])CC=C([C@@]5(C)[C@@]4([H])CC[C@@]32C)C[C@@H](O[C@@H]6O[C@H](CO)[C@@H](O)[C@H](O)[C@H]6O)CC5=O,DiaNat-DB,CC1=C(C)C(=O)O[C@@H]([C@](C)(O)[C@]2(O)CC[C@@]3(O)[C@@H]4CC=C5C[C@@H](O[C@@H]6O[C@H](CO)[C@@H](O)[C@H](O)[C@H]6O)CC(=O)[C@]5(C)[C@H]4CC[C@]23C)C1
476,DiaNatDB-281,O=C1C2=C(O)C(OC)=C(O)C=C2OC(C3=CC(OC)=C(OC)C=C3)=C1,DiaNat-DB,COc1ccc(-c2cc(=O)c3c(O)c(OC)c(O)cc3o2)cc1OC
477,DiaNatDB-282,O=C1C=C[C@@](O)(C)[C@]2([H])[C@]1(C)CCC(C3=O)[C@H]2OC3=O,DiaNat-DB,C[C@]1(O)C=CC(=O)[C@@]2(C)CCC3C(=O)C(=O)O[C@H]3[C@H]12
478,DiaNatDB-283,OC1CCC2(C)C(CC=C3C2CCC4(C)C3CCC4C(CCC(CC)C(C)C)C)C1C,DiaNat-DB,CCC(CCC(C)C1CCC2C3=CCC4C(C)C(O)CCC4(C)C3CCC21C)C(C)C
479,DiaNatDB-284,OC1CCC2(C)C(CC=C3C2CCC4(C)C3CCC4C(CCC(C)C(C)C)C)C1C,DiaNat-DB,CC(C)C(C)CCC(C)C1CCC2C3=CCC4C(C)C(O)CCC4(C)C3CCC21C
480,DiaNatDB-285,OC1CCC2(C)C(CC=C3C2CCC4(C)C3CCC4C(CCC([H])C(C)C)C)C1C,DiaNat-DB,CC(C)CCCC(C)C1CCC2C3=CCC4C(C)C(O)CCC4(C)C3CCC21C
481,DiaNatDB-286,OC1=CC=CC(C(C2=C3C([H])C(C)C(O)C2[H])=O)=C1C3=O,DiaNat-DB,CC1CC2=C(CC1O)C(=O)c1cccc(O)c1C2=O
482,DiaNatDB-287,C=C(C)C1CCC2(C(O)=O)CCC3(C)C4(C)CCC5C(C)(C)C(O)CCC5(C)C4CCC3C21,DiaNat-DB,C=C(C)C1CCC2(C(=O)O)CCC3(C)C(CCC4C5(C)CCC(O)C(C)(C)C5CCC43C)C12
483,DiaNatDB-288,OC[C@H]1O[C@@H](OCCC2=CC(O)=C(O)C=C2)C[C@@H](O[C@H]3[C@H](O)[C@H](O)[C@@H](O)[C@H](C)O3)[C@@H]1OC(C=CC4=CC(O)=C(O)C=C4)=O,DiaNat-DB,C[C@@H]1O[C@@H](O[C@@H]2C[C@H](OCCc3ccc(O)c(O)c3)O[C@H](CO)[C@H]2OC(=O)C=Cc2ccc(O)c(O)c2)[C@H](O)[C@H](O)[C@H]1O
484,DiaNatDB-289,[H]C1=CC(C2=C(O[C@@H]3[C@@H](O)[C@H](O)[C@@H](O)[C@H](COC(/C=C/C4=CC=C(O)C=C4)=O)O3)C(C5=C(O)C=C(O)C=C5O2)=O)=CC=C1O,DiaNat-DB,O=C(/C=C/c1ccc(O)cc1)OC[C@@H]1O[C@H](Oc2c(-c3ccc(O)cc3)oc3cc(O)cc(O)c3c2=O)[C@@H](O)[C@H](O)[C@H]1O
485,DiaNatDB-29,C=CCSSSCC=C,DiaNat-DB,C=CCSSSCC=C
486,DiaNatDB-290,OC[C@H]1O[C@@H](C2=C(O)C(C(C=C(C3=CC=C(O)C=C3)O4)=O)=C4C=C2O)[C@H](O)[C@H](O)[C@@H]1O,DiaNat-DB,O=c1cc(-c2ccc(O)cc2)oc2cc(O)c([C@@H]3O[C@H](CO)[C@@H](O)[C@@H](O)[C@H]3O)c(O)c12
487,DiaNatDB-291,OC[C@H]1O[C@@H](C2=C(O)C(C(C=C(C3=CC=C(O)C=C3)O4)=O)=C4C=C2OC)[C@H](O)[C@H](O)[C@@H]1O,DiaNat-DB,COc1cc2oc(-c3ccc(O)cc3)cc(=O)c2c(O)c1[C@@H]1O[C@H](CO)[C@@H](O)[C@@H](O)[C@H]1O
488,DiaNatDB-292,O=C(C=C(C1=CC=C(OC)C(O)=C1)O2)C3=C2C=C(OC4OCC(O)(CO)C4OC5OC(CO)C(O)C5O)C=C3O,DiaNat-DB,COc1ccc(-c2cc(=O)c3c(O)cc(OC4OCC(O)(CO)C4OC4OC(CO)C(O)C4O)cc3o2)cc1O
489,DiaNatDB-293,O=C(C=C(C1=CC=C(OC)C(O)=C1)O2)C3=C2C=C(OC4OCC(O)(CO)C4O)C=C3O,DiaNat-DB,COc1ccc(-c2cc(=O)c3c(O)cc(OC4OCC(O)(CO)C4O)cc3o2)cc1O
490,DiaNatDB-294,O=C(/C=C(O)/C1=CC=CC=C1)C2=C(OC)C(C=CO3)=C3C=C2,DiaNat-DB,COc1c(C(=O)/C=C(\O)c2ccccc2)ccc2occc12
491,DiaNatDB-295,[H]C(C([H])=C1)=CC=C1C(O2)=C(OC)C(C3=C2C(C=CO4)=C4C=C3)=O,DiaNat-DB,COc1c(-c2ccccc2)oc2c(ccc3occc32)c1=O
492,DiaNatDB-296,O[C@@]12C(O)[C@H](O)[C@@H](CO)O[C@@]1(O)[C@H](O)[C@@H](O)[C@H](CO)O2,DiaNat-DB,OC[C@@H]1O[C@]2(O)C(O)[C@H](O)[C@@H](CO)O[C@@]2(O)[C@H](O)[C@H]1O
493,DiaNatDB-297,OC1=C(O)C=C(C=CC(OC)=O)C=C1,DiaNat-DB,COC(=O)C=Cc1ccc(O)c(O)c1
494,DiaNatDB-298,CC1(C)[C@@H](OC(C)=O)CCC2[C@@]1([H])CC[C@]3(C)[C@]2([H])CC=C4[C@@]3(C)CC[C@]5(C)C4[C@@H](C)[C@H](C)CC5,DiaNat-DB,CC(=O)O[C@H]1CCC2[C@@H](CC[C@]3(C)[C@@H]2CC=C2C4[C@@H](C)[C@H](C)CC[C@]4(C)CC[C@]23C)C1(C)C
495,DiaNatDB-299,O=C1C2=C(C=CC=C2)C(C3=C1C(OC)=C(CO)C(O[C@@H]4O[C@H](CO[C@H]5[C@H](O)[C@@H](O)[C@H](O)CO5)[C@@H](O)[C@H](O)[C@H]4O)=C3[H])=O,DiaNat-DB,COc1c(CO)c(O[C@@H]2O[C@H](CO[C@@H]3OC[C@@H](O)[C@H](O)[C@H]3O)[C@@H](O)[C@H](O)[C@H]2O)cc2c1C(=O)c1ccccc1C2=O
496,DiaNatDB-3,O=C1N2C(C(O)CC2)=NC3=CC=CC=C31,DiaNat-DB,O=c1c2ccccc2nc2n1CCC2O
497,DiaNatDB-30,C=CCS(C/C=C/SSCC=C)=O,DiaNat-DB,C=CCSS/C=C/C[S+]([O-])CC=C
498,DiaNatDB-300,O=C1C2=C(C=CC=C2)C(C3=C1C(O)=C(CO)C(O[C@@H]4O[C@H](CO[C@H]5[C@H](O)[C@@H](O)[C@H](O)CO5)[C@@H](O)[C@H](O)[C@H]4O)=C3[H])=O,DiaNat-DB,O=C1c2ccccc2C(=O)c2c1cc(O[C@@H]1O[C@H](CO[C@@H]3OC[C@@H](O)[C@H](O)[C@H]3O)[C@@H](O)[C@H](O)[C@H]1O)c(CO)c2O
499,DiaNatDB-301,O[C@H]1[C@H](O)C[C@@]2(C)[C@](CC[C@]3(C)[C@]2([H])CC=C4[C@@]3(C)CC[C@]5(C(O)=O)[C@@]4([H])CC(C)(C)CC5)([H])C1(C)C,DiaNat-DB,CC1(C)CC[C@]2(C(=O)O)CC[C@]3(C)C(=CC[C@@H]4[C@@]5(C)C[C@@H](O)[C@H](O)C(C)(C)[C@@H]5CC[C@]43C)[C@@H]2C1
500,DiaNatDB-302,COC1=CC=C(C(O)CNC(/C=C/C2=CC=CC=C2)=O)C=C1,DiaNat-DB,COc1ccc(C(O)CNC(=O)/C=C/c2ccccc2)cc1
501,DiaNatDB-303,O[C@@H]1CC[C@]2(C)[C@@](CCC([C@H]2CCC3=CCOC3=O)=C)([H])[C@@]1(CO)C,DiaNat-DB,C=C1CC[C@@H]2[C@](C)(CO)[C@H](O)CC[C@@]2(C)[C@@H]1CCC1=CCOC1=O
502,DiaNatDB-304,O=C1OC2=CC3=C(C[C@H](OC(/C=C(C)/C)=O)C(C)(C)O3)C=C2C=C1,DiaNat-DB,CC(C)=CC(=O)O[C@H]1Cc2cc3ccc(=O)oc3cc2OC1(C)C
503,DiaNatDB-305,CC1(C)CC[C@]2(C(O[C@H]3O[C@H](CO)[C@@H](O)[C@H](O)[C@H]3O)=O)CC[C@@]4(C)[C@]5(C)CCC6C(C)(C)[C@@H](O[C@H]7[C@H](O)[C@@H](O)[C@H](O)[C@@H](C(O)=O)O7)CC[C@]6(C)C5CC=C4C2C1,DiaNat-DB,CC1(C)CC[C@]2(C(=O)O[C@H]3O[C@H](CO)[C@@H](O)[C@H](O)[C@H]3O)CC[C@]3(C)C(=CCC4[C@@]5(C)CC[C@H](O[C@@H]6O[C@H](C(=O)O)[C@@H](O)[C@H](O)[C@H]6O)C(C)(C)C5CC[C@]43C)C2C1
504,DiaNatDB-306,CC1(C)[C@@H](O[C@H]2[C@H](OC(C)=O)[C@@H](O)[C@H](OC(C)=O)CO2)CC[C@@]34C1[C@@H](O[C@H]5[C@H](O)[C@@H](O)[C@H](O)[C@@H](CO)O5)CC6[C@@]3(C4)CC[C@@]7(C)[C@@]6(C)C[C@H](O)[C@@H]7[C@]8(C)O[C@H](C(C)(O)C)CC8,DiaNat-DB,CC(=O)O[C@H]1[C@H](O[C@H]2CC[C@]34C[C@]35CC[C@]3(C)[C@@H]([C@@]6(C)CC[C@@H](C(C)(C)O)O6)[C@@H](O)C[C@@]3(C)C5C[C@H](O[C@@H]3O[C@H](CO)[C@@H](O)[C@H](O)[C@H]3O)C4C2(C)C)OC[C@@H](OC(C)=O)[C@@H]1O
505,DiaNatDB-307,CC1(C)[C@@H](O[C@H]2[C@H](OC(C)=O)[C@@H](O)[C@H](O)CO2)CC[C@@]34C1[C@@H](O[C@H]5[C@H](O)[C@@H](O)[C@H](O)[C@@H](CO)O5)CC6[C@@]3(C4)CC[C@@]7(C)[C@@]6(C)C[C@H](O)[C@@H]7[C@]8(C)O[C@H](C(C)(O)C)CC8,DiaNat-DB,CC(=O)O[C@H]1[C@H](O[C@H]2CC[C@]34C[C@]35CC[C@]3(C)[C@@H]([C@@]6(C)CC[C@@H](C(C)(C)O)O6)[C@@H](O)C[C@@]3(C)C5C[C@H](O[C@@H]3O[C@H](CO)[C@@H](O)[C@H](O)[C@H]3O)C4C2(C)C)OC[C@@H](O)[C@@H]1O
506,DiaNatDB-308,[H]C1=C([C@H]2O[C@@H](CO)[C@H](O)[C@H](O)[C@@H]2O)C(OC)=C(O)C(OC(C3O4)C(C5=C4C(O)=C(OC)C([C@H]6[C@H](O)C(O)[C@H](O)[C@@H](CO)O6)=C5[H])=O)=C1C(O3)=O,DiaNat-DB,COc1c([C@H]2O[C@@H](CO)[C@H](O)[C@H](O)[C@@H]2O)cc2c(c1O)OC1C(=O)c3cc([C@@H]4O[C@H](CO)[C@@H](O)C(O)[C@H]4O)c(OC)c(O)c3OC1OC2=O
507,DiaNatDB-309,CC(CC/1)OC1=C\C2=CC=C(CCCCCCCCCCCCC)O2,DiaNat-DB,CCCCCCCCCCCCCc1ccc(/C=C2\CCC(C)O2)o1
508,DiaNatDB-31,C1=CC(=C(C=C1C2=C(C(=O)C3=C(C=C(C=C3O2)O)O)O)O)O,DiaNat-DB,O=c1c(O)c(-c2ccc(O)c(O)c2)oc2cc(O)cc(O)c12
509,DiaNatDB-310,O=C(/C=C/C1=CC(O)=C(O)C=C1)OC[C@H]2O[C@@H](OC3=CC=CC=C3O)[C@H](O)[C@@H](O)[C@@H]2O,DiaNat-DB,O=C(/C=C/c1ccc(O)c(O)c1)OC[C@H]1O[C@@H](Oc2ccccc2O)[C@H](O)[C@@H](O)[C@@H]1O
510,DiaNatDB-311,O[C@@H]1[C@@H](O)[C@H](O)[C@@H](COC(C(C(C(OC[C@H]2O[C@@H](OC3=CC=CC=C3O)[C@H](O)[C@@H](O)[C@@H]2O)=O)=CC4=CC=C5O)=C6C4=C5OC7=C6C=C(O)C(O)=C7)=O)O[C@H]1OC8=CC=CC=C8O,DiaNat-DB,O=C(OC[C@H]1O[C@@H](Oc2ccccc2O)[C@H](O)[C@@H](O)[C@@H]1O)c1cc2ccc(O)c3c2c(c1C(=O)OC[C@H]1O[C@@H](Oc2ccccc2O)[C@H](O)[C@@H](O)[C@@H]1O)-c1cc(O)c(O)cc1O3
511,DiaNatDB-312,O[C@@H]1[C@@H](O)[C@H](O)[C@@H](COC(/C=C/C2=CC(OC3=CC(O[C@@H]4O[C@H](CO)[C@@H](O)[C@H](O)[C@H]4O)=C(O)C=C3)=C(O)C=C2)=O)O[C@H]1OC5=CC=CC=C5O,DiaNat-DB,O=C(/C=C/c1ccc(O)c(Oc2ccc(O)c(O[C@@H]3O[C@H](CO)[C@@H](O)[C@H](O)[C@H]3O)c2)c1)OC[C@H]1O[C@@H](Oc2ccccc2O)[C@H](O)[C@@H](O)[C@@H]1O
512,DiaNatDB-313,CC([C@H](C)C1=C(O)C=C(OC)C(/C([H])=C(C(C2=CC=C(O)C=C2)=O)\[H])=C1)=C,DiaNat-DB,C=C(C)[C@H](C)c1cc(/C=C/C(=O)c2ccc(O)cc2)c(OC)cc1O
513,DiaNatDB-314,O=C1[C@@H]2C[C@@H](O)C3C(C(OC)=O)=C[C@@H](O)C[C@H]3C2(C)C[C@@H](C4=COCC4)O1,DiaNat-DB,COC(=O)C1=C[C@@H](O)C[C@@H]2C1[C@H](O)C[C@H]1C(=O)O[C@H](C3=COCC3)CC21C
514,DiaNatDB-315,O=C1[C@]2([H])C[C@H](OC3=O)[C@@]4(C)[C@]3(O)[C@@H](O[C@H]5[C@H](O)[C@@H](O)[C@H](O)[C@@H](CO)O5)CC[C@@]4([H])[C@]2(C)C[C@@H](C6=COC=C6)O1,DiaNat-DB,C[C@@]12C[C@@H](c3ccoc3)OC(=O)[C@@H]1C[C@@H]1OC(=O)[C@@]3(O)[C@@H](O[C@@H]4O[C@H](CO)[C@@H](O)[C@H](O)[C@H]4O)CC[C@@H]2[C@@]13C
515,DiaNatDB-316,O=C1[C@]2([H])C[C@H](O[C@H]3[C@H](O)[C@@H](O)[C@H](O)C(CO)O3)[C@@]4(C)C(C(OC)=O)=CC([H])C[C@@]4([H])[C@]2(C)C[C@@H](C5=COC=C5)O1,DiaNat-DB,COC(=O)C1=CCC[C@H]2[C@]3(C)C[C@@H](c4ccoc4)OC(=O)[C@@H]3C[C@H](O[C@@H]3OC(CO)[C@@H](O)[C@H](O)[C@H]3O)[C@@]12C
516,DiaNatDB-317,O=C(/C=C/C1=CC=CC=C1)C2=C(OC)C(C)=C(O)C(C)=C2O,DiaNat-DB,COc1c(C)c(O)c(C)c(O)c1C(=O)/C=C/c1ccccc1
517,DiaNatDB-318,O=C1CC2C(C([C@]3(C)[C@@H](CC(OC)=O)C(C)(C)[C@@H]4OC(/C(C)=C/C)=O)CC[C@@]2(C)[C@H](C5=COC=C5)O1)=C[C@]4(O)C3=O,DiaNat-DB,C/C=C(\C)C(=O)O[C@H]1C(C)(C)[C@H](CC(=O)OC)[C@]2(C)C(=O)[C@@]1(O)C=C1C3CC(=O)O[C@@H](c4ccoc4)[C@]3(C)CCC12
518,DiaNatDB-319,O=C1C[C@@]2([H])C([C@]([C@]3(C)[C@@H]([C@](O)([H])C(OC)=O)C(C)(C)[C@]4([H])OC(/C(C)=C([H])/C)=O)([H])CC[C@@]2(C)[C@@](C5=COC=C5)([H])O1)=C[C@]4([H])C3=O,DiaNat-DB,C/C=C(\C)C(=O)O[C@@H]1[C@@H]2C=C3[C@@H]4CC(=O)O[C@@H](c5ccoc5)[C@]4(C)CC[C@@H]3[C@@](C)(C2=O)[C@@H]([C@@H](O)C(=O)OC)C1(C)C
519,DiaNatDB-32,OC(C=C1)=CC=C1C2=COC3=C(C2=O)C=CC(O)=C3,DiaNat-DB,O=c1c(-c2ccc(O)cc2)coc2cc(O)ccc12
520,DiaNatDB-320,OC(/C=C/C1=CC=CC=C1)=O,DiaNat-DB,O=C(O)/C=C/c1ccccc1
521,DiaNatDB-321,OC1=C(O)C(O)=C2C(C(OC[C@H](OC(C3=C(C4=C(O)C(O)=C(O)C5=C46)C(O)=C(O)C(O)=C3)=O)[C@H]([C@H]([C@H]([C@]7(O)[H])OC(C8=C7C(O)=C(O)C(O)=C85)=O)OC6=O)OC(C9=C2C(O)=C(O)C(O)=C9)=O)=O)=C1,DiaNat-DB,O=C1OC[C@@H]2OC(=O)c3cc(O)c(O)c(O)c3-c3c(O)c(O)c(O)c4c3C(=O)O[C@@H]([C@H]3OC(=O)c5c-4c(O)c(O)c(O)c5[C@@H]3O)[C@@H]2OC(=O)c2cc(O)c(O)c(O)c2-c2c1cc(O)c(O)c2O
522,DiaNatDB-322,O[C@H]1CC[C@@]2(C)[C@](CCC3C2=CC[C@@]4(C)[C@@]3(C)CC[C@]4([H])C(CC/C=C(C)/C)C(OC)=O)([H])C1(C)C,DiaNat-DB,COC(=O)C(CCC=C(C)C)[C@H]1CC[C@@]2(C)C3CC[C@H]4C(C)(C)[C@@H](O)CC[C@]4(C)C3=CC[C@]12C
523,DiaNatDB-323,OC1=CC(O)=C(C(C(O[C@H]2OC(C)[C@H](O[C@@H]3OC(COC(C)=O)[C@@H](O)C(O)C3O)C(O)[C@@H]2O)=C(C4=CC=C(O)C=C4)O5)=O)C5=C1,DiaNat-DB,CC(=O)OCC1O[C@@H](O[C@H]2C(C)O[C@H](Oc3c(-c4ccc(O)cc4)oc4cc(O)cc(O)c4c3=O)[C@@H](O)C2O)C(O)C(O)[C@@H]1O
524,DiaNatDB-324,O=C1OC2=C(O)C(OC3=C(C(O)=O)C=C(O)C(O)=C3O)=CC4=C2C5=C1C=C(O)C(O)=C5OC4=O,DiaNat-DB,O=C(O)c1cc(O)c(O)c(O)c1Oc1cc2c(=O)oc3c(O)c(O)cc4c(=O)oc(c1O)c2c34
525,DiaNatDB-325,OC[C@@H]1[C@@H](O)[C@H](O)[C@@H](O)[C@H](O[C@H]2[C@@]([C@@](CO)(O3)[C@]3([H])[C@H]4O)([H])[C@@]4([H])C=CO2)O1,DiaNat-DB,OC[C@H]1O[C@@H](O[C@@H]2OC=C[C@H]3[C@H](O)[C@@H]4O[C@]4(CO)[C@@H]23)[C@H](O)[C@@H](O)[C@@H]1O
526,DiaNatDB-326,O[C@@H]1[C@@H](CO)O[C@](OC2=CC(/C=C/C3=CC(O)=C(OC)C=C3)=CC(O)=C2)([H])[C@H](O)[C@H]1O,DiaNat-DB,COc1ccc(/C=C/c2cc(O)cc(O[C@@H]3O[C@H](CO)[C@@H](O)[C@H](O)[C@H]3O)c2)cc1O
527,DiaNatDB-327,O[C@H]1CO[C@](OC2C(C)(C)C(CC[C@]3(C)C4CC=C5[C@@]3(C)CCC6(C(O[C@@]7([H])[C@H](O)[C@@H](O)[C@H](O)[C@@H](CO)O7)=O)C5[C@@](O)(C)[C@H](C)CC6)[C@]4(C)CC2)([H])[C@H](O)[C@H]1O,DiaNat-DB,C[C@@H]1CCC2(C(=O)O[C@@H]3O[C@H](CO)[C@@H](O)[C@H](O)[C@H]3O)CC[C@]3(C)C(=CCC4[C@@]5(C)CCC(O[C@@H]6OC[C@H](O)[C@H](O)[C@H]6O)C(C)(C)C5CC[C@]43C)C2[C@]1(C)O
528,DiaNatDB-328,O[C@H]1CO[C@](OC2C(C)(C)C(CC[C@]3(C)C4CC=C5[C@@]3(C)CCC6(C(OC)=O)[C@@]5([H])[C@@](O)(C)[C@H](C)CC6)[C@]4(C)CC2)([H])[C@H](O)[C@H]1O,DiaNat-DB,COC(=O)C12CC[C@@H](C)[C@@](C)(O)[C@H]1C1=CCC3[C@@]4(C)CCC(O[C@@H]5OC[C@H](O)[C@H](O)[C@H]5O)C(C)(C)C4CC[C@@]3(C)[C@]1(C)CC2
529,DiaNatDB-329,C[C@@]12C(C(O)CC(C2CCO)=C)[C@@](C(O)=O)(C)CCC1,DiaNat-DB,C=C1CC(O)C2[C@](C)(CCC[C@@]2(C)C(=O)O)C1CCO
530,DiaNatDB-33,OC(C=C1)=CC=C1C2=COC3=C(C2=O)C(O)=CC(O)=C3,DiaNat-DB,O=c1c(-c2ccc(O)cc2)coc2cc(O)cc(O)c12
531,DiaNatDB-330,CC=C(C)C(=O)OC1C2C(C=C(CCC=C(C1O)C(=O)OC)C)OC(=O)C2=C,DiaNat-DB,C=C1C(=O)OC2C=C(C)CCC=C(C(=O)OC)C(O)C(OC(=O)C(C)=CC)C12
532,DiaNatDB-331,O=C(O)C1NCC[C@@H](O)C1,DiaNat-DB,O=C(O)C1C[C@H](O)CCN1
533,DiaNatDB-332,O[C@H]1CC[C@@]2(C)C(CC[C@]3(C)C2CCC4[C@@]3(C)CCC5(C(O)=O)C4=CC(C)(C)CC5)C1(C)C,DiaNat-DB,CC1(C)C=C2C3CCC4[C@@]5(C)CC[C@H](O)C(C)(C)C5CC[C@@]4(C)[C@]3(C)CCC2(C(=O)O)CC1
534,DiaNatDB-333,O=C1C(C)=CC(C2=C1C=CC=C2O)=O,DiaNat-DB,CC1=CC(=O)c2c(O)cccc2C1=O
535,DiaNatDB-334,OC1CCC2(C3)C(CCC4C23CC[C@@]5(C)[C@@]4(C)CCC5CCC/C=C/C(C)(O)C)C1(C)C,DiaNat-DB,CC(C)(O)/C=C/CCCC1CC[C@@]2(C)C3CCC4C(C)(C)C(O)CCC45CC35CC[C@]12C
536,DiaNatDB-335,O=C(C=C(C1=CC(O)=C(OC)C=C1)O2)C3=C2C(CC)=CC(C4=C(O)C=C(O)C5=C4OC(C6=C(O)C(O)=C(OC)C=C6)=C(O)C5=O)=C3O,DiaNat-DB,CCc1cc(-c2c(O)cc(O)c3c(=O)c(O)c(-c4ccc(OC)c(O)c4O)oc23)c(O)c2c(=O)cc(-c3ccc(OC)c(O)c3)oc12
537,DiaNatDB-336,OC1=CC=C(C=C1)C2=C(O[C@@H]3C(O)[C@@H](O)[C@H](O)[C@@H](COC(/C=C/C4=CC=C(O)C=C4)=O)O3)C(C5=C(O)C=C(O)C=C5O2)=O,DiaNat-DB,O=C(/C=C/c1ccc(O)cc1)OC[C@H]1O[C@H](Oc2c(-c3ccc(O)cc3)oc3cc(O)cc(O)c3c2=O)C(O)[C@@H](O)[C@@H]1O
538,DiaNatDB-337,OC1=CC(NC2=C3C=C(C)C4=C2C=C[C@@](C)(CC/C=C(C)/C)O4)=C3C=C1,DiaNat-DB,CC(C)=CCC[C@]1(C)C=Cc2c(c(C)cc3c2[nH]c2cc(O)ccc23)O1
539,DiaNatDB-338,CC1=C2C(C=CC(CC/C=C(C)/C)(C)O2)=C3NC4=CC=CC=C4C3=C1,DiaNat-DB,CC(C)=CCCC1(C)C=Cc2c(c(C)cc3c2[nH]c2ccccc23)O1
540,DiaNatDB-339,OC[C@@H]1[C@@H](O)[C@@H](O)[C@@H](O)[C@H](OC2=C(OC)C=C(/C=C/CO)C=C2OC)O1,DiaNat-DB,COc1cc(/C=C/CO)cc(OC)c1O[C@@H]1O[C@H](CO)[C@@H](O)[C@@H](O)[C@H]1O
541,DiaNatDB-34,C1=CC(=CC=C1C2=CC(=O)C3=C(C=C(C=C3O2)O)O)O,DiaNat-DB,O=c1cc(-c2ccc(O)cc2)oc2cc(O)cc(O)c12
542,DiaNatDB-340,O[C@]([C@@]([H])(CO)O[C@@]([H])(OC1C=C(O)C=C(C1C(C2=CC=C(O)C(O)=C2)=C3)OC3=O)[C@](O)4[H])([H])[C@@]4([H])O,DiaNat-DB,O=C1C=C(c2ccc(O)c(O)c2)C2C(=CC(O)=CC2O[C@@H]2O[C@H](CO)[C@H](O)[C@@H](O)[C@H]2O)O1
543,DiaNatDB-35,O[C@H]1[C@H](C)O[C@@H](OC[C@H]2[C@@H](O)[C@H](O)[C@@H](O)[C@H](OC3=CC(O)=C4C(OC(C(C=C5)=CC(O)=C5OC)=CC4=O)=C3)O2)[C@H](O)[C@@H]1O,DiaNat-DB,COc1ccc(-c2cc(=O)c3c(O)cc(O[C@@H]4O[C@@H](CO[C@@H]5O[C@@H](C)[C@H](O)[C@@H](O)[C@H]5O)[C@@H](O)[C@H](O)[C@H]4O)cc3o2)cc1O
544,DiaNatDB-36,C1=CC(=CC=C1C2=C(C(=O)C3=C(C=C(C=C3O2)O)O)O)O,DiaNat-DB,O=c1c(O)c(-c2ccc(O)cc2)oc2cc(O)cc(O)c12
545,DiaNatDB-37,OC1=C2C(O[C@H](C3=CC=C(O)C(O)=C3)CC2=O)=CC(O)=C1,DiaNat-DB,O=C1C[C@@H](c2ccc(O)c(O)c2)Oc2cc(O)cc(O)c21
546,DiaNatDB-38,OC1=CC(O)=C(C(C[C@](C2=CC=C(O)C=C2)([H])O3)=O)C3=C1,DiaNat-DB,O=C1C[C@@H](c2ccc(O)cc2)Oc2cc(O)cc(O)c21
547,DiaNatDB-39,OC1=CC=C(C(C2=O)=C1O)OC3=C2C(O[C@@H](OC[C@H]4O[C@@H]5OC[C@@H]([C@@H]([C@@H]5O)O)O)[C@@H]([C@@H]4O)O)=CC(OC)=C3,DiaNat-DB,COc1cc(O[C@H]2OC[C@@H](O[C@@H]3OC[C@H](O)[C@H](O)[C@@H]3O)[C@@H](O)[C@H]2O)c2c(=O)c3c(O)c(O)ccc3oc2c1
548,DiaNatDB-40,OC1=C(OC)C=CC([C@@H]2CC(C(C(O)=CC(O[C@@H]3O[C@H](CO[C@H]4[C@H](O)[C@H](O)[C@@H](O)[C@H](C)O4)[C@@H](O)[C@H](O)[C@H]3O)=C5)=C5O2)=O)=C1,DiaNat-DB,COc1ccc([C@@H]2CC(=O)c3c(O)cc(O[C@@H]4O[C@H](CO[C@@H]5O[C@@H](C)[C@H](O)[C@@H](O)[C@H]5O)[C@@H](O)[C@H](O)[C@H]4O)cc3O2)cc1O
549,DiaNatDB-41,O=C1C=C(C2=CC=CC=C2)OC3=CC(O)=C(O)C(O)=C31,DiaNat-DB,O=c1cc(-c2ccccc2)oc2cc(O)c(O)c(O)c12
550,DiaNatDB-42,O=C(C=C(C1=CC=CC=C1)O2)C3=C2C=C(O)C=C3O,DiaNat-DB,O=c1cc(-c2ccccc2)oc2cc(O)cc(O)c12
551,DiaNatDB-43,C1[C@@H]([C@H](OC2=CC(=CC(=C21)O)O)C3=CC(=C(C=C3)O)O)O,DiaNat-DB,Oc1cc(O)c2c(c1)O[C@H](c1ccc(O)c(O)c1)[C@@H](O)C2
552,DiaNatDB-44,OC1=C2C(OC(C3=CC=C(O)C=C3O)=C(O)C2=O)=CC(O)=C1,DiaNat-DB,O=c1c(O)c(-c2ccc(O)cc2O)oc2cc(O)cc(O)c12
553,DiaNatDB-45,OC1=C(C=C(C=C1)/C=C/C(CC(/C=C/C2=CC(O)=C(C=C2)OC)=O)=O)OC,DiaNat-DB,COc1ccc(/C=C/C(=O)CC(=O)/C=C/c2ccc(O)c(OC)c2)cc1O
554,DiaNatDB-46,COC1=C2C(CC[C@H](NC(C)=O)C(C2=CC=C3OC)=CC3=O)=CC(OC)=C1OC,DiaNat-DB,COc1cc2c(c(OC)c1OC)-c1ccc(OC)c(=O)cc1[C@@H](NC(C)=O)CC2
555,DiaNatDB-47,[H]/C(C1=CC=C(O)C=C1)=C([H])\C2=CC(O)=CC(O)=C2,DiaNat-DB,Oc1ccc(/C=C/c2cc(O)cc(O)c2)cc1
556,DiaNatDB-48,OC1=C2C(C(C(C=C(C)C=C3O)=C3C2=O)=O)=CC(O)=C1,DiaNat-DB,Cc1cc(O)c2c(c1)C(=O)c1cc(O)cc(O)c1C2=O
557,DiaNatDB-49,OC(C=C1)=C(O)C=C1[C@@H](OC2=C3C(O)=CC(O)=C2)[C@H](O)[C@H]3C4=C5C(C[C@H](O)[C@@H](C6=CC(O)=C(O)C=C6)O5)=C(O)C=C4O,DiaNat-DB,Oc1cc(O)c2c(c1)O[C@H](c1ccc(O)c(O)c1)[C@H](O)[C@H]2c1c(O)cc(O)c2c1O[C@H](c1ccc(O)c(O)c1)[C@@H](O)C2
558,DiaNatDB-5,OC1C2=NC3=CC=CC=C3CN2CC1,DiaNat-DB,OC1CCN2Cc3ccccc3N=C12
559,DiaNatDB-50,C1=C(C=C(C(=C1O)O)O)C(=O)O,DiaNat-DB,O=C(O)c1cc(O)c(O)c(O)c1
560,DiaNatDB-51,C[C@H]1[C@@H]([C@H]([C@H]([C@@H](O1)OC[C@@H]2[C@H]([C@@H]([C@H]([C@@H](O2)OC3=C(OC4=CC(=CC(=C4C3=O)O)O)C5=CC(=C(C=C5)O)O)O)O)O)O)O)O,DiaNat-DB,C[C@@H]1O[C@@H](OC[C@H]2O[C@@H](Oc3c(-c4ccc(O)c(O)c4)oc4cc(O)cc(O)c4c3=O)[C@H](O)[C@@H](O)[C@@H]2O)[C@H](O)[C@H](O)[C@H]1O
561,DiaNatDB-52,OC1=C(O)C(O)=CC(C2=[O+]C3=C(C=C2O[C@H]4O[C@H](CO)[C@@H](O)[C@H](O)[C@H]4O[C@H]5OC[C@@H](O)[C@H](O)[C@H]5O)C(O[C@@H]6O[C@H](CO)[C@@H](O)[C@H](O)[C@H]6O)=CC(O)=C3)=C1,DiaNat-DB,OC[C@H]1O[C@@H](Oc2cc(O)cc3[o+]c(-c4cc(O)c(O)c(O)c4)c(O[C@H]4O[C@H](CO)[C@@H](O)[C@H](O)[C@H]4O[C@H]4OC[C@@H](O)[C@H](O)[C@H]4O)cc23)[C@H](O)[C@@H](O)[C@@H]1O
562,DiaNatDB-53,O[C@H](C)[C@@H](O)[C@H](N(C)C)[C@@H](O)C([H])=O,DiaNat-DB,C[C@@H](O)[C@@H](O)[C@@H]([C@@H](O)C=O)N(C)C
563,DiaNatDB-54,C1=C2C3=C(C(=C1O)O)OC(=O)C4=CC(=C(C(=C43)OC2=O)O)O,DiaNat-DB,O=c1oc2c(O)c(O)cc3c(=O)oc4c(O)c(O)cc1c4c23
564,DiaNatDB-55,OC1=CC(O)=C(C=C(O)C(C2=CC=C(O)C(O)=C2)=[O+]3)C3=C1,DiaNat-DB,Oc1cc(O)c2cc(O)c(-c3ccc(O)c(O)c3)[o+]c2c1
565,DiaNatDB-56,C1[C@H]([C@H](OC2=CC(=CC(=C21)O)O)C3=CC(=C(C=C3)O)O)O,DiaNat-DB,Oc1cc(O)c2c(c1)O[C@H](c1ccc(O)c(O)c1)[C@H](O)C2
566,DiaNatDB-57,OC1=CC=C(C2CC(C3=C(C=C(C=C3O2)O[C@@H]4C[C@@H]([C@H]([C@@H]([C@H]4O)O)O)CO[C@@H]5C[C@H]([C@@H]([C@H]([C@H]5O)O)O)C)O)=O)C=C1,DiaNat-DB,C[C@@H]1C[C@@H](OC[C@H]2C[C@@H](Oc3cc(O)c4c(c3)OC(c3ccc(O)cc3)CC4=O)[C@H](O)[C@@H](O)[C@@H]2O)[C@H](O)[C@H](O)[C@H]1O
567,DiaNatDB-59,C1=CC(=CC=C1CCC(=O)C2=C(C=C(C=C2O[C@H]3[C@@H]([C@H]([C@@H]([C@H](O3)CO)O)O)O)O)O)O,DiaNat-DB,O=C(CCc1ccc(O)cc1)c1c(O)cc(O)cc1O[C@@H]1O[C@H](CO)[C@@H](O)[C@H](O)[C@H]1O
568,DiaNatDB-6,O=C(C(C)=C)O[C@H]1CC(C)=C2[C@@](C(CO)=CC2=O)([H])[C@]3([H])[C@]1([H])C(C(O3)=O)=C,DiaNat-DB,C=C(C)C(=O)O[C@H]1CC(C)=C2C(=O)C=C(CO)[C@@H]2[C@H]2OC(=O)C(=C)[C@@H]21
569,DiaNatDB-60,OC1=C(C(CCC2=CC=C(O)C=C2)=O)C(O)=CC(O)=C1,DiaNat-DB,O=C(CCc1ccc(O)cc1)c1c(O)cc(O)cc1O
570,DiaNatDB-61,O=C1C2=C(C=C(C=C2OC(C3=CC(OC)=C(C=C3)O)=C1O)O)O,DiaNat-DB,COc1cc(-c2oc3cc(O)cc(O)c3c(=O)c2O)ccc1O
571,DiaNatDB-62,C1[C@H]([C@H]([C@@H](C[C@@]1(C(=O)O)O)OC(=O)/C=C/C2=CC(=C(C=C2)O)O)O)O,DiaNat-DB,O=C(/C=C/c1ccc(O)c(O)c1)O[C@@H]1C[C@](O)(C(=O)O)C[C@@H](O)[C@H]1O
572,DiaNatDB-63,OC1=CC(O)=C(C=C(O[C@@H]2OC[C@H](O)[C@H](O)[C@H]2O)C(C3=CC(O)=C(O)C(O)=C3)=[O+]4)C4=C1,DiaNat-DB,Oc1cc(O)c2cc(O[C@@H]3OC[C@H](O)[C@H](O)[C@H]3O)c(-c3cc(O)c(O)c(O)c3)[o+]c2c1
573,DiaNatDB-64,OC1=C(C2=CC=C(O)C=C2)[O+]=C3C(C(O)=CC(O)=C3)=C1,DiaNat-DB,Oc1ccc(-c2[o+]c3cc(O)cc(O)c3cc2O)cc1
574,DiaNatDB-65,OC(C=C1)=C(O)C=C1C2=[O+]C3=CC(O)=CC(O)=C3C=C2OC4O[C@H](CO)C(O)C(O)C4O,DiaNat-DB,OC[C@H]1OC(Oc2cc3c(O)cc(O)cc3[o+]c2-c2ccc(O)c(O)c2)C(O)C(O)C1O
575,DiaNatDB-66,OC(CCCCC/C=C/CCCCCCCCCC)=O,DiaNat-DB,CCCCCCCCCC/C=C/CCCCCC(=O)O
576,DiaNatDB-67,COC(CCCCC/C=C/C/C=C/CCCCCCC)=O,DiaNat-DB,CCCCCCC/C=C/C/C=C/CCCCCC(=O)OC
577,DiaNatDB-68,CCCCC[C@@H](CC(=O)CCC1=CC(=C(C=C1)O)OC)O,DiaNat-DB,CCCCC[C@H](O)CC(=O)CCc1ccc(O)c(OC)c1
578,DiaNatDB-69,COC1=CC(C2OCC3C2COC3C4=CC=C(O)C(OC)=C4)=CC=C1O,DiaNat-DB,COc1cc(C2OCC3C(c4ccc(O)c(OC)c4)OCC23)ccc1O
579,DiaNatDB-7,OC1=CC=C2C(OC(C=C2)=O)=C1,DiaNat-DB,O=c1ccc2ccc(O)cc2o1
580,DiaNatDB-70,O=C(CC(/C=C/C1=CC=C(O)C(OC)=C1)=O)/C=C/C2=CC=C(O)C=C2,DiaNat-DB,COc1cc(/C=C/C(=O)CC(=O)/C=C/c2ccc(O)cc2)ccc1O
581,DiaNatDB-71,O=C(CC(/C=C/C1=CC=C(O)C=C1)=O)/C=C/C2=CC=C(O)C=C2,DiaNat-DB,O=C(/C=C/c1ccc(O)cc1)CC(=O)/C=C/c1ccc(O)cc1
582,DiaNatDB-72,CC1=CC=C([C@@H](C)CC(/C=C(C)/C)=O)C=C1,DiaNat-DB,CC(C)=CC(=O)C[C@H](C)c1ccc(C)cc1
583,DiaNatDB-73,OC1=CC(OC(C2=CC(O)=CC(O[C@@H]3O[C@H](CO)[C@@H](O)[C@H](O)[C@H]3O)=C2)=C4)=C4C=C1,DiaNat-DB,OC[C@H]1O[C@@H](Oc2cc(O)cc(-c3cc4ccc(O)cc4o3)c2)[C@H](O)[C@@H](O)[C@@H]1O
584,DiaNatDB-74,CC1=C[C@H]([C@H]([C@@H](C1)C2=C(C=C(C=C2)O)O)C(=O)C3=C(C=C(C=C3)O)O)C4=C(C=C(C=C4O)C5=CC6=C(O5)C(=C(C=C6)O)CC=C(C)C)O,DiaNat-DB,CC(C)=CCc1c(O)ccc2cc(-c3cc(O)c([C@@H]4C=C(C)C[C@@H](c5ccc(O)cc5O)[C@@H]4C(=O)c4ccc(O)cc4O)c(O)c3)oc12
585,DiaNatDB-75,OC1=CC2=C(C(C(O[C@@H]3O[C@H](CO)[C@@H](O)[C@H](O)[C@H]3O)=C(C4=CC=C(O)C=C4)O2)=O)C(O)=C1,DiaNat-DB,O=c1c(O[C@@H]2O[C@H](CO)[C@@H](O)[C@H](O)[C@H]2O)c(-c2ccc(O)cc2)oc2cc(O)cc(O)c12
586,DiaNatDB-76,C[C@H]1[C@@](O1)(C)C(=O)O[C@H]2[C@@H]3[C@@H]([C@@H]4[C@](O4)(CC/C=C(\[C@@H]2OC(=O)C)/C(=O)OC)C)OC(=O)C3=C,DiaNat-DB,C=C1C(=O)O[C@H]2[C@H]1[C@H](OC(=O)[C@@]1(C)O[C@H]1C)[C@@H](OC(C)=O)/C(C(=O)OC)=C\CC[C@@]1(C)O[C@H]21
587,DiaNatDB-77,C[C@H]1[C@@H]([C@H]([C@H]([C@@H](O1)OC2=CC(=C3C(=C2)OC(=C(C3=O)O[C@H]4[C@@H]([C@@H]([C@H]([C@@H](O4)C)O)O)O)C5=CC=C(C=C5)O)O)O)O)O,DiaNat-DB,C[C@@H]1O[C@@H](Oc2cc(O)c3c(=O)c(O[C@@H]4O[C@@H](C)[C@H](O)[C@@H](O)[C@H]4O)c(-c4ccc(O)cc4)oc3c2)[C@H](O)[C@H](O)[C@H]1O
588,DiaNatDB-78,C/C(C)=C/CN([H])/C(N([H])[H])=N/[H],DiaNat-DB,[H]/N=C(\N)NCC=C(C)C
589,DiaNatDB-79,OC1CC[C@@]2(C)[C@](CC[C@]3(C)[C@]2([H])CC[C@@]4([H])[C@@]3(C)CC[C@]5(CO)[C@]4([H])[C@H](C(C)=C)CC5)([H])C1(C)C,DiaNat-DB,C=C(C)[C@@H]1CC[C@]2(CO)CC[C@]3(C)[C@H](CC[C@@H]4[C@@]5(C)CCC(O)C(C)(C)[C@@H]5CC[C@]43C)[C@@H]12
590,DiaNatDB-8,C1=CC(=C(C=C1CCO)O)O,DiaNat-DB,OCCc1ccc(O)c(O)c1
591,DiaNatDB-80,O[C@@H]1C(CO)O[C@@H](OC2=CC=C(C(OC3=C4C(O)=CC(O)=C3)=C(O[C@@H]5O[C@H](CO)[C@@H](O)C(O)[C@H]5O[C@@H]6O[C@H](CO)[C@@H](O)[C@H](O)[C@H]6O)C4=O)C=C2)[C@H](O)[C@H]1O,DiaNat-DB,O=c1c(O[C@@H]2O[C@H](CO)[C@@H](O)C(O)[C@H]2O[C@@H]2O[C@H](CO)[C@@H](O)[C@H](O)[C@H]2O)c(-c2ccc(O[C@@H]3OC(CO)[C@@H](O)[C@H](O)[C@H]3O)cc2)oc2cc(O)cc(O)c12
592,DiaNatDB-81,CC1(C)[C@@H](OC(C)=O)CC[C@@]2(C)C1CC[C@]3(C)C2CC=C4[C@@]3(C)CC[C@]5(C(O)=O)[C@@]4([H])CC(C)(C)CC5,DiaNat-DB,CC(=O)O[C@H]1CC[C@@]2(C)C(CC[C@]3(C)C2CC=C2[C@@H]4CC(C)(C)CC[C@]4(C(=O)O)CC[C@]23C)C1(C)C
593,DiaNatDB-82,OC1=CC(OCO2)=C2C=C1C3=CC4=CC(C/C=C(CO)/CO)=C(O)C=C4OC3=O,DiaNat-DB,O=c1oc2cc(O)c(CC=C(CO)CO)cc2cc1-c1cc2c(cc1O)OCO2
594,DiaNatDB-83,OC1=CC=C(CC(O)=O)C=C1,DiaNat-DB,O=C(O)Cc1ccc(O)cc1
595,DiaNatDB-84,O=C(O1)C=C(OC)C=C1/C=C/C2=CC=C(O[C@H]3O[C@H](CO)[C@@H](O)[C@H](O)[C@H]3O)C=C2,DiaNat-DB,COc1cc(/C=C/c2ccc(O[C@H]3O[C@H](CO)[C@@H](O)[C@H](O)[C@H]3O)cc2)oc(=O)c1
596,DiaNatDB-85,O=C(O1)C=C(OC)C=C1/C=C/C2=CC=C(O[C@H]3O[C@H](CO[C@H]4O[C@H](CO)[C@@H](O)C(O)[C@H]4O)[C@@H](O)[C@H](O)[C@H]3O)C=C2,DiaNat-DB,COc1cc(/C=C/c2ccc(O[C@H]3O[C@H](CO[C@H]4O[C@H](CO)[C@@H](O)C(O)[C@H]4O)[C@@H](O)[C@H](O)[C@H]3O)cc2)oc(=O)c1
597,DiaNatDB-86,O[C@H]1C(O)[C@@H](O)[C@H](OC2=C(C(C3=CC=C(O)C(O)=C3)=CC(O4)=O)C4=CC(OC)=C2)O[C@@H]1CO[C@](OC[C@]5(CO)O)(C5O)[H],DiaNat-DB,COc1cc(O[C@@H]2O[C@H](CO[C@@H]3OC[C@@](O)(CO)C3O)[C@@H](O)C(O)[C@H]2O)c2c(-c3ccc(O)c(O)c3)cc(=O)oc2c1
598,DiaNatDB-87,O=C1[C@@H](C)[C@]2([H])CN(C)C[C@H](C)C2=C1,DiaNat-DB,C[C@@H]1C(=O)C=C2[C@H]1CN(C)C[C@@H]2C
599,DiaNatDB-88,O=C1CC2C(C([C@@]([C@@H](CC(OC)=O)C(C)(C)[C@@H]3OC(C)=O)(C)C4=O)CC[C@@]2(C)[C@H](C5=COC=C5)O1)=C[C@]43O,DiaNat-DB,COC(=O)C[C@H]1C(C)(C)[C@H](OC(C)=O)[C@]2(O)C=C3C4CC(=O)O[C@@H](c5ccoc5)[C@]4(C)CCC3[C@@]1(C)C2=O
600,DiaNatDB-89,O=C1CC2[C@]34C([C@@]([C@@H](CC(OC)=O)C(C)(C)[C@@H]5OC(C)=O)(C)C([C@@]5(O)[C@H]3O4)=O)CC[C@@]2(C)[C@H](C6=COC=C6)O1,DiaNat-DB,COC(=O)C[C@H]1C(C)(C)[C@H](OC(C)=O)[C@@]2(O)C(=O)[C@]1(C)C1CC[C@]3(C)C(CC(=O)O[C@H]3c3ccoc3)[C@]13O[C@@H]32
601,DiaNatDB-9,C1=CC=C(C=C1)/C=C/C=O,DiaNat-DB,O=C/C=C/c1ccccc1
602,DiaNatDB-90,COC(C=C1)=CC=C1C2=CC(C3=C(O)C=C(O)C=C3O2)=O,DiaNat-DB,COc1ccc(-c2cc(=O)c3c(O)cc(O)cc3o2)cc1
603,DiaNatDB-91,COC(C(O)=C1)=CC=C1C2=CC(C3=C(O)C=C(O)C=C3O2)=O,DiaNat-DB,COc1ccc(-c2cc(=O)c3c(O)cc(O)cc3o2)cc1O
604,DiaNatDB-92,COC1=C(O)C(O)=C(C(C=C(C2=CC(OC)=C(OC3=C(OC)C=C(C(OC4=CC(OC)=C(O)C(O)=C45)=CC5=O)C=C3)C=C2)O6)=O)C6=C1,DiaNat-DB,COc1cc(-c2cc(=O)c3c(O)c(O)c(OC)cc3o2)ccc1Oc1ccc(-c2cc(=O)c3c(O)c(O)c(OC)cc3o2)cc1OC
605,DiaNatDB-93,C[C@@H]1CC[C@@]2(CO3)C(C3=O)=C[C@@H](O[C@@H]4O[C@H](CO)[C@@H](O)[C@H](O)[C@H]4O)CC2[C@@]1(C)CCC5=COC=C5,DiaNat-DB,C[C@@H]1CC[C@@]23COC(=O)C2=C[C@@H](O[C@@H]2O[C@H](CO)[C@@H](O)[C@H](O)[C@H]2O)CC3[C@@]1(C)CCc1ccoc1
606,DiaNatDB-94,OC1=C(OC)C=C2C(C(C=C(C3=CC(O)=C(O)C=C3)O2)=O)=C1O,DiaNat-DB,COc1cc2oc(-c3ccc(O)c(O)c3)cc(=O)c2c(O)c1O
607,DiaNatDB-95,C1[C@@H]([C@@H]([C@H](N1)CO)O)O,DiaNat-DB,OC[C@H]1NC[C@H](O)[C@@H]1O
608,DiaNatDB-96,C[C@]12CC[C@](C[C@H]1C3=CC(=O)[C@@H]4[C@]5(CC[C@@H](C([C@@H]5CC[C@]4([C@@]3(CC2)C)C)(C)C)O)C)(C)C(=O)O,DiaNat-DB,CC1(C)[C@@H](O)CC[C@]2(C)[C@H]3C(=O)C=C4[C@@H]5C[C@@](C)(C(=O)O)CC[C@]5(C)CC[C@@]4(C)[C@]3(C)CC[C@@H]12
609,DiaNatDB-97,C1[C@H]([C@H]([C@@H]([C@H](N1)CO)O)O)O,DiaNat-DB,OC[C@H]1NC[C@@H](O)[C@@H](O)[C@@H]1O
610,DiaNatDB-98,C1[C@@H]([C@H]([C@@H]([C@H](N1)CO)O)O)O,DiaNat-DB,OC[C@H]1NC[C@H](O)[C@@H](O)[C@@H]1O
611,DiaNatDB-99,C([C@@H]1[C@H]([C@@H]([C@H](N1)CO)O)O)O,DiaNat-DB,OC[C@H]1N[C@H](CO)[C@@H](O)[C@@H]1O
54,162866484,C[C@H](CO)C1=C(C(=C2COC3=CC(=CC1=C23)CO)O[C@H]4[C@@H]([C@H]([C@@H]([C@H](O4)COS(=O)(=O)O)O)O)O)O,SG-accumulated,C[C@H](CO)c1c(O)c(O[C@@H]2O[C@H](COS(=O)(=O)O)[C@@H](O)[C@H](O)[C@H]2O)c2c3c(cc(CO)cc13)OC2
55,5282102,C1=CC(=CC=C1C2=C(C(=O)C3=C(C=C(C=C3O2)O)O)O[C@H]4[C@@H]([C@H]([C@@H]([C@H](O4)CO)O)O)O)O,SG-accumulated,O=c1c(O[C@@H]2O[C@H](CO)[C@@H](O)[C@H](O)[C@H]2O)c(-c2ccc(O)cc2)oc2cc(O)cc(O)c12
56,447791,CCCCCCCCCCCCCCC(=O)O[C@H](COC(=O)CCCCCCCCCCCC)COP(=O)(O)O,SG-accumulated,CCCCCCCCCCCCCCC(=O)O[C@H](COC(=O)CCCCCCCCCCCC)COP(=O)(O)O
57,311,C(C(=O)O)C(CC(=O)O)(C(=O)O)O,SG-accumulated,O=C(O)CC(O)(CC(=O)O)C(=O)O
58,5793,C([C@@H]1[C@H]([C@@H]([C@H](C(O1)O)O)O)O)O,SG-accumulated,OC[C@H]1OC(O)[C@H](O)[C@@H](O)[C@@H]1O
59,441574,CCCCC[C@H]1CCC(=O)O1,SG-accumulated,CCCCC[C@H]1CCC(=O)O1
60,23642717,CC1=CC2=C(C(=C1O)OC)C(=O)C(=O)C=C2C(C)C,SG-accumulated,COc1c(O)c(C)cc2c1C(=O)C(=O)C=C2C(C)C
61,163033482,COC1=C(C(=CC=C1)OC)[C@H]2[C@@H]3CO[C@H]([C@@H]3CO2)C4=C(C=CC=C4OC)OC,SG-accumulated,COc1cccc(OC)c1[C@@H]1OC[C@@H]2[C@H]1CO[C@H]2c1c(OC)cccc1OC
62,439341,C([C@@H]1[C@H]([C@@H]([C@H]([C@H](O1)O[C@@H]2[C@H](O[C@@H]([C@@H]([C@H]2O)O)O)CO)O)O)O)O,SG-accumulated,OC[C@H]1O[C@H](O[C@H]2[C@H](O)[C@@H](O)[C@@H](O)O[C@@H]2CO)[C@H](O)[C@@H](O)[C@@H]1O
63,444539,C1=CC=C(C=C1)/C=C/C(=O)O,SG-accumulated,O=C(O)/C=C/c1ccccc1
64,102430,CCCCCCCCCCCCCCCCCCCCCCC(C(=O)O)O,SG-accumulated,CCCCCCCCCCCCCCCCCCCCCCC(O)C(=O)O
65,129847920,CCCCCCCC/C(=C\C(=O)CCCCCCCC(=O)OC)/OC,SG-accumulated,CCCCCCCC/C(=C\C(=O)CCCCCCCC(=O)OC)OC
66,11354754,C[C@]12CC[C@@H](C([C@@H]1CC[C@@]3([C@@H]2CC=C4[C@]3(CC[C@@]5([C@H]4CC(CC5)(C)C)C(=O)O)COC(=O)/C=C/C6=CC(=C(C=C6)O)O)C)(C)C)OC(=O)/C=C/C7=CC=C(C=C7)O,SG-accumulated,CC1(C)CC[C@]2(C(=O)O)CC[C@]3(COC(=O)/C=C/c4ccc(O)c(O)c4)C(=CC[C@@H]4[C@@]5(C)CC[C@H](OC(=O)/C=C/c6ccc(O)cc6)C(C)(C)[C@@H]5CC[C@]43C)[C@@H]2C1
67,5274625,C[C@]12CC[C@@H](C(C1CC[C@@]3(C2CC=C4[C@]3(CC[C@@]5([C@H]4CC(CC5)(C)C)C(=O)O)COC(=O)/C=C/C6=CC(=C(C=C6)O)O)C)(C)C)OC(=O)/C=C/C7=CC(=C(C=C7)O)OC,SG-accumulated,COc1cc(/C=C/C(=O)O[C@H]2CC[C@@]3(C)C(CC[C@]4(C)C3CC=C3[C@@H]5CC(C)(C)CC[C@]5(C(=O)O)CC[C@]34COC(=O)/C=C/c3ccc(O)c(O)c3)C2(C)C)ccc1O
68,57172986,C(CCCCCCCCC(O)(O)O)CCCCCCCC(=O)O,SG-accumulated,O=C(O)CCCCCCCCCCCCCCCCC(O)(O)O
69,11953803,COC1=C(C=C2C(=C1)CCC(=O)O2)O[C@H]3[C@@H]([C@H]([C@@H]([C@H](O3)CO)O)O)O,SG-accumulated,COc1cc2c(cc1O[C@@H]1O[C@H](CO)[C@@H](O)[C@H](O)[C@H]1O)OC(=O)CC2
70,5320006,CC1(CCC2=C(O1)C(=O)C3=C(C2=O)C=CC=C3O)C,SG-accumulated,CC1(C)CCC2=C(O1)C(=O)c1c(O)cccc1C2=O
71,323,C1=CC=C2C(=C1)C=CC(=O)O2,SG-accumulated,O=c1ccc2ccccc2o1
72,6441104,CC(=O)OC(C)(C)/C=C/C(=O)[C@@](C)([C@H]1[C@@H](C[C@@]2([C@@]1(CC(=O)[C@@]3([C@H]2CC=C4[C@H]3C[C@@H](C(=O)C4(C)C)O[C@H]5[C@@H]([C@H]([C@@H]([C@H](O5)CO)O)O)O)C)C)C)O)O,SG-accumulated,CC(=O)OC(C)(C)/C=C/C(=O)[C@](C)(O)[C@H]1[C@H](O)C[C@@]2(C)[C@@H]3CC=C4[C@@H](C[C@H](O[C@@H]5O[C@H](CO)[C@@H](O)[C@H](O)[C@H]5O)C(=O)C4(C)C)[C@]3(C)C(=O)C[C@]12C
73,11692717,CC(=C)[C@@H]1CC[C@]2([C@H]1[C@H]3CC[C@@H]4[C@]5(CC[C@@H](C([C@@H]5CC[C@]4([C@@]3(CC2)COC(=O)C6=CC=CC=C6)C)(C)C)O)C)C(=O)O,SG-accumulated,C=C(C)[C@@H]1CC[C@]2(C(=O)O)CC[C@]3(COC(=O)c4ccccc4)[C@H](CC[C@@H]4[C@@]5(C)CC[C@H](O)C(C)(C)[C@@H]5CC[C@]43C)[C@@H]12
74,8103,CCCCCCO,SG-accumulated,CCCCCCO
75,10508776,C1=CC(=C(C=C1C[C@@H](C(=O)O)OC(=O)/C=C/C2=CC(=C(C=C2)O[C@H]3[C@@H]([C@H]([C@@H]([C@H](O3)CO)O)O)O)O)O)O[C@H]4[C@@H]([C@H]([C@@H]([C@H](O4)CO)O)O)O,SG-accumulated,O=C(/C=C/c1ccc(O[C@@H]2O[C@H](CO)[C@@H](O)[C@H](O)[C@H]2O)c(O)c1)O[C@@H](Cc1ccc(O[C@@H]2O[C@H](CO)[C@@H](O)[C@H](O)[C@H]2O)c(O)c1)C(=O)O
76,12088,C1=CC(=CC=C1C=O)C(=O)O,SG-accumulated,O=Cc1ccc(C(=O)O)cc1
77,163195750,CCCCC1=CC(=CO1)C=C,SG-accumulated,C=Cc1coc(CCCC)c1
78,44552029,COC(=O)[C@@H]1[C@H]([C@@H]([C@H]([C@@H](O1)OC2=CC(=C3C(=C2)OC(=C(C3=O)O[C@@H]4[C@H]([C@@H]([C@H]([C@@H](O4)CO)O)O)OC(=O)/C=C/C5=CC(=C(C=C5)O)O)C6=CC=C(C=C6)O)O)O)O)O,SG-accumulated,COC(=O)[C@H]1O[C@@H](Oc2cc(O)c3c(=O)c(O[C@H]4O[C@@H](CO)[C@H](O)[C@@H](O)[C@@H]4OC(=O)/C=C/c4ccc(O)c(O)c4)c(-c4ccc(O)cc4)oc3c2)[C@H](O)[C@@H](O)[C@@H]1O
79,44552030,COC(=O)[C@@H]1[C@H]([C@@H]([C@H]([C@@H](O1)OC2=CC(=C3C(=C2)OC(=C(C3=O)O[C@@H]4[C@H]([C@@H]([C@H]([C@@H](O4)CO)O)O)O)C5=CC=C(C=C5)O)O)O)O)O,SG-accumulated,COC(=O)[C@H]1O[C@@H](Oc2cc(O)c3c(=O)c(O[C@H]4O[C@@H](CO)[C@H](O)[C@@H](O)[C@@H]4O)c(-c4ccc(O)cc4)oc3c2)[C@H](O)[C@@H](O)[C@@H]1O
80,798,C1=CC=C2C(=C1)C=CN2,SG-accumulated,c1ccc2[nH]ccc2c1
81,12097,CC1=CC=C(O1)C=O,SG-accumulated,Cc1ccc(C=O)o1
82,107526,C([C@H]([C@H]([C@@H]([C@H](C=O)O)O)O)O)O,SG-accumulated,O=C[C@H](O)[C@@H](O)[C@H](O)[C@H](O)CO
83,12799212,C[C@@H]1C(=C(C(=O)O1)O)C,SG-accumulated,CC1=C(O)C(=O)O[C@@H]1C
84,479957,CC(=C)[C@@H]1CC[C@]2([C@H]1[C@H]3CC[C@@H]4[C@]5(CC[C@@H](C([C@@H]5CC[C@]4([C@@]3(CC2)C)C)(C)C)OC(=O)C)C)CO,SG-accumulated,C=C(C)[C@@H]1CC[C@]2(CO)CC[C@]3(C)[C@H](CC[C@@H]4[C@@]5(C)CC[C@H](OC(C)=O)C(C)(C)[C@@H]5CC[C@]43C)[C@@H]12
85,11194416,C[C@H]([C@@H](C)O)[C@@H](C(=O)O)N,SG-accumulated,C[C@@H]([C@H](N)C(=O)O)[C@@H](C)O
86,1711945,CC(=CCC/C(=C/CC/C(=C/CCC(=O)C)/C)/C)C,SG-accumulated,CC(=O)CC/C=C(\C)CC/C=C(\C)CCC=C(C)C
87,102239783,CC1=C2C3=C(C(=C(C=C3C(O2)(C)C)O)C=O)C(=O)C1=O,SG-accumulated,CC1=C2OC(C)(C)c3cc(O)c(C=O)c(c32)C(=O)C1=O
88,5280536,COC1=C(C=CC(=C1)/C=C/C=O)O,SG-accumulated,COc1cc(/C=C/C=O)ccc1O
89,128853,C1=C(C=C(C(=C1O)O)O)C2=[O+]C3=CC(=CC(=C3C=C2O)O)O,SG-accumulated,Oc1cc(O)c2cc(O)c(-c3cc(O)c(O)c(O)c3)[o+]c2c1
90,5466138,COC1=CC=C(C=C1)C2=C(C(=O)C3=C(O2)C(=C(C=C3O)OC)OC)OC,SG-accumulated,COc1ccc(-c2oc3c(OC)c(OC)cc(O)c3c(=O)c2OC)cc1
91,636576,CC1=CC2=C(C(=CC(=C2C(C)C)O)C)OC1=O,SG-accumulated,Cc1cc2c(C(C)C)c(O)cc(C)c2oc1=O
92,163057526,C[C@H]1[C@@H]([C@H]([C@H]([C@H](O1)OC2=C(C=C(C3=C2OC(=C(C3=O)O)C4=CC(=C(C=C4)O)O)O)O)O)O)O,SG-accumulated,C[C@@H]1O[C@H](Oc2c(O)cc(O)c3c(=O)c(O)c(-c4ccc(O)c(O)c4)oc23)[C@H](O)[C@H](O)[C@H]1O
93,78162875,CC1=C(C2=C(C(=C1O)O)OC3C4=C(C(=C(C(=C4C(=O)C2O3)C)O)O)O)C=O,SG-accumulated,Cc1c(O)c(O)c2c(c1C=O)C1OC(O2)c2c(O)c(O)c(O)c(C)c2C1=O
94,101182982,C[C@H]1[C@@H]([C@H]([C@H]([C@@H](O1)O[C@@H]2[C@H](O[C@H]([C@@H]([C@H]2O)O)O[C@H]3CC[C@]45C[C@]46CC[C@@]7([C@H]([C@H](C[C@]7([C@@H]6CC[C@H]5C3(C)C)C)O)[C@H](C)[C@H]8C[C@@H](C(O8)(C)C)O)C)CO)O)O)O,SG-accumulated,C[C@@H]([C@H]1[C@@H](O)C[C@@]2(C)[C@@H]3CC[C@H]4C(C)(C)[C@@H](O[C@@H]5O[C@H](CO)[C@@H](O[C@@H]6O[C@@H](C)[C@H](O)[C@@H](O)[C@H]6O)[C@H](O)[C@H]5O)CC[C@@]45C[C@@]35CC[C@]12C)[C@H]1C[C@H](O)C(C)(C)O1
95,101204053,CC1=C2C=C(C(=CC2=CC=C1)C)O[C@H]3[C@@H]([C@H]([C@@H]([C@H](O3)CO)O)O)O,SG-accumulated,Cc1cc2cccc(C)c2cc1O[C@@H]1O[C@H](CO)[C@@H](O)[C@H](O)[C@H]1O
96,5460372,C[C@@]12CCC[C@@]3([C@@H]1[C@@H]([C@]45[C@H]3CC[C@](C4)(C(=C)C5)O)C(=O)O)COC2=O,SG-accumulated,C=C1C[C@]23C[C@@]1(O)CC[C@H]2[C@@]12CCC[C@@](C)(C(=O)OC1)[C@H]2[C@@H]3C(=O)O
97,440835,C1=C(C=C(C(=C1O)O)O)[C@@H]2[C@H]([C@H](C3=C(C=C(C=C3O2)O)O)O)O,SG-accumulated,Oc1cc(O)c2c(c1)O[C@H](c1cc(O)c(O)c(O)c1)[C@@H](O)[C@H]2O
98,5320834,C1=CC(=C(C=C1C2=C(C(=O)C3=C(C=C(C=C3O2)O)O)O[C@H]4[C@@H]([C@H]([C@@H]([C@H](O4)CO[C@H]5[C@@H]([C@H]([C@@H]([C@H](O5)CO)O)O)O)O)O)O)O)O,SG-accumulated,O=c1c(O[C@@H]2O[C@H](CO[C@@H]3O[C@H](CO)[C@@H](O)[C@H](O)[C@H]3O)[C@@H](O)[C@H](O)[C@H]2O)c(-c2ccc(O)c(O)c2)oc2cc(O)cc(O)c12
99,1183,COC1=C(C=CC(=C1)C=O)O,SG-accumulated,COc1cc(C=O)ccc1O
100,5468749,COC1=CC=C(C=C1)C2=C(C(=O)C3=C(C=C(C=C3O2)OC)O)OC,SG-accumulated,COc1ccc(-c2oc3cc(OC)cc(O)c3c(=O)c2OC)cc1
101,10630882,C[C@@H]1[C@H](OC(=O)[C@H]1N)C,SG-accumulated,C[C@H]1[C@H](N)C(=O)O[C@@H]1C
102,5280379,C[C@@]12[C@H](CC[C@@]3([C@@H]1[C@@H]([C@]45[C@H]3CC[C@](C4)(C(=C)C5)O)C(=O)O)OC2=O)O,SG-accumulated,C=C1C[C@]23C[C@@]1(O)CC[C@H]2[C@@]12CC[C@H](O)[C@@](C)(C(=O)O1)[C@H]2[C@@H]3C(=O)O
103,10582821,CCCC(=S)OCC,SG-accumulated,CCCC(=S)OCC
104,162957279,C[C@@H]1CC2=C(C=CC=C2OO1)C=O,SG-accumulated,C[C@@H]1Cc2c(C=O)cccc2OO1
105,10256,C1=CC=C2C(=C1)C(=CN2)C=O,SG-accumulated,O=Cc1c[nH]c2ccccc12
106,162972958,C[C@H]1[C@@H]([C@H]([C@H]([C@@H](O1)OC2=CC(=C3C(=C2)OC(=C(C3=O)O[C@H]4[C@@H]([C@H]([C@@H](CO4)O)O)O)C5=CC(=C(C=C5)O)O)O)O)O)O,SG-accumulated,C[C@@H]1O[C@@H](Oc2cc(O)c3c(=O)c(O[C@@H]4OC[C@@H](O)[C@H](O)[C@H]4O)c(-c4ccc(O)c(O)c4)oc3c2)[C@H](O)[C@H](O)[C@H]1O
107,440265,CC1=CC(=O)CC(C1(C=CC(=O)C)O)(C)C,SG-accumulated,CC(=O)C=CC1(O)C(C)=CC(=O)CC1(C)C
108,14681438,COC1=CC(=CC2=C1OC(C2CO)C3=CC(=C(C=C3)OC4C(C(C(C(O4)CO)O)O)O)OC)CCCO,SG-accumulated,COc1cc(C2Oc3c(OC)cc(CCCO)cc3C2CO)ccc1OC1OC(CO)C(O)C(O)C1O
109,101204054,COC1=CC(=CC2=C1O[C@H]([C@@H]2CO)C3=CC(=C(C=C3)O)OC)/C=C/C(=O)NCCC4=CC=C(C=C4)O,SG-accumulated,COc1cc([C@@H]2Oc3c(OC)cc(/C=C/C(=O)NCCc4ccc(O)cc4)cc3[C@H]2CO)ccc1O
110,5281647,C1=C2C(=CC(=C1O)O)OC3=C(C2=O)C(=C(C(=C3)O)[C@H]4[C@@H]([C@H]([C@@H]([C@H](O4)CO)O)O)O)O,SG-accumulated,O=c1c2cc(O)c(O)cc2oc2cc(O)c([C@@H]3O[C@H](CO)[C@@H](O)[C@H](O)[C@H]3O)c(O)c12
111,28619,CC1(C=CC2=C(O1)C=C(C=C2)OC)C,SG-accumulated,COc1ccc2c(c1)OC(C)(C)C=C2
112,996,C1=CC=C(C=C1)O,SG-accumulated,Oc1ccccc1
113,73172655,CC(C=CC1CCC2=C(O1)C=C(C(=C2C=O)O)CC=C(C)C)O,SG-accumulated,CC(C)=CCc1cc2c(c(C=O)c1O)CCC(C=CC(C)O)O2
114,129881889,C1=CC2=C(C=C1O)C(=C(C(=O)O2)CC3=C(C4=C(C=CC(=C4)O)OC3=O)O)O,SG-accumulated,O=c1oc2ccc(O)cc2c(O)c1Cc1c(O)c2cc(O)ccc2oc1=O
115,25310,C[C@H]1[C@@H]([C@H]([C@H](C(O1)O)O)O)O,SG-accumulated,C[C@@H]1OC(O)[C@H](O)[C@H](O)[C@H]1O
116,10187514,C1=CC(=C(C=C1C2=C(C(=O)C3=C(C=C(C=C3O2)O)O)O[C@@H]4[C@H]([C@@H]([C@H]([C@@H](O4)COC(=O)CC(=O)O)O)O)O)O)O,SG-accumulated,O=C(O)CC(=O)OC[C@@H]1O[C@H](Oc2c(-c3ccc(O)c(O)c3)oc3cc(O)cc(O)c3c2=O)[C@@H](O)[C@H](O)[C@H]1O
117,21579640,C[C@@]12C[C@H]([C@@H]([C@]1(CC(=O)[C@@]3([C@H]2CC=C4[C@H]3C[C@@H](C(=O)C4(C)C)O[C@H]5[C@@H]([C@H]([C@@H]([C@H](O5)CO)O)O)O)C)C)[C@](C)(C(=O)/C=C/C(C)(C)O)O)O,SG-accumulated,CC(C)(O)/C=C/C(=O)[C@](C)(O)[C@H]1[C@H](O)C[C@@]2(C)[C@@H]3CC=C4[C@@H](C[C@H](O[C@@H]5O[C@H](CO)[C@@H](O)[C@H](O)[C@H]5O)C(=O)C4(C)C)[C@]3(C)C(=O)C[C@]12C
118,11072668,C1=CC(=CC=C1C2=C(C(=O)C3=C(C=C(C=C3O2)O[C@H]4[C@@H]([C@H]([C@@H](O4)CO)O)O)O)O[C@H]5[C@@H]([C@H]([C@H]([C@H](O5)CO[C@H]6[C@@H]([C@H]([C@@H]([C@H](O6)CO)O)O)O)O)O)O)O,SG-accumulated,O=c1c(O[C@@H]2O[C@H](CO[C@@H]3O[C@H](CO)[C@@H](O)[C@H](O)[C@H]3O)[C@H](O)[C@H](O)[C@H]2O)c(-c2ccc(O)cc2)oc2cc(O[C@@H]3O[C@@H](CO)[C@H](O)[C@H]3O)cc(O)c12
119,9978316,CC1=CC(=O)CC([C@]1(/C=C/C(=O)CO[C@H]2[C@@H]([C@H]([C@@H]([C@H](O2)CO)O)O)O)O)(C)C,SG-accumulated,CC1=CC(=O)CC(C)(C)[C@@]1(O)/C=C/C(=O)CO[C@@H]1O[C@H](CO)[C@@H](O)[C@H](O)[C@H]1O
120,14340,COC1=C(C=CC(=C1)CCC(=O)O)O,SG-accumulated,COc1cc(CCC(=O)O)ccc1O
121,72732,CC1(CCC2=C(O1)C(=O)C3=CC=CC=C3C2=O)C,SG-accumulated,CC1(C)CCC2=C(O1)C(=O)c1ccccc1C2=O
122,85524814,CCCCCCC#CC(=O)CCCCCCCCC(=O)OC,SG-accumulated,CCCCCCC#CC(=O)CCCCCCCCC(=O)OC
123,49831493,COC1=C(C=CC(=C1)CCCOC(=O)/C=C/C2=CC(=C(C=C2)O)OC)O[C@@H](COC(=O)/C=C/C3=CC=C(C=C3)O)[C@H](C4=CC(=C(C=C4)O)OC)OC,SG-accumulated,COc1cc(/C=C/C(=O)OCCCc2ccc(O[C@@H](COC(=O)/C=C/c3ccc(O)cc3)[C@@H](OC)c3ccc(O)c(OC)c3)c(OC)c2)ccc1O
124,10652163,C[C@@H]1[C@H]([C@H](C[C@@H](O1)O[C@H]2CC[C@@]3([C@H]4CC[C@@]5([C@H](CC[C@@]5([C@@H]4CC[C@@]3(C2)O)O)C6=CC(=O)OC6)C)C)O)O[C@H]7[C@@H]([C@H]([C@@H]([C@H](O7)CO)O)O)O,SG-accumulated,C[C@H]1O[C@@H](O[C@H]2CC[C@]3(C)[C@H]4CC[C@]5(C)[C@@H](C6=CC(=O)OC6)CC[C@]5(O)[C@@H]4CC[C@]3(O)C2)C[C@H](O)[C@@H]1O[C@@H]1O[C@H](CO)[C@@H](O)[C@H](O)[C@H]1O
125,107557,COC1=C(C=C(C=C1)C=CC=O)OC,SG-accumulated,COc1ccc(C=CC=O)cc1OC
126,101114361,COC1=CC(=CC(=C1O[C@@H](COC(=O)/C=C/C2=CC(=C(C=C2)O)OC)[C@H](C3=CC(=C(C=C3)O)OC)O)OC)CCCOC(=O)/C=C/C4=CC(=C(C=C4)O)OC,SG-accumulated,COc1cc(/C=C/C(=O)OCCCc2cc(OC)c(O[C@@H](COC(=O)/C=C/c3ccc(O)c(OC)c3)[C@@H](O)c3ccc(O)c(OC)c3)c(OC)c2)ccc1O
127,2723872,C1[C@H]([C@H]([C@@H](C(O1)(CO)O)O)O)O,SG-accumulated,OCC1(O)OC[C@@H](O)[C@@H](O)[C@@H]1O
128,44577733,C[C@@H]1CC2=C(C=CC(=C2C(=O)O1)O)C=O,SG-accumulated,C[C@@H]1Cc2c(C=O)ccc(O)c2C(=O)O1
129,162842866,C[C@H]1[C@@H]([C@H]([C@@H]2[C@H](O1)O[C@@H]3[C@H]([C@H]([C@H](O[C@@H]3O2)C(=O)O)O)O[C@H]4[C@@H]([C@H]([C@@H]([C@H](O4)C(=O)O)O)O)O)O)O,SG-accumulated,C[C@@H]1O[C@@H]2O[C@H]3[C@@H](O[C@@H]2[C@H](O)[C@H]1O)O[C@H](C(=O)O)[C@H](O)[C@@H]3O[C@@H]1O[C@H](C(=O)O)[C@@H](O)[C@H](O)[C@H]1O
130,163047490,CC(=C)[C@@H](COC1=C(C=C2C(=C1)C=CC(=O)O2)O)O,SG-accumulated,C=C(C)[C@H](O)COc1cc2ccc(=O)oc2cc1O
131,3314,COC1=C(C=CC(=C1)CC=C)O,SG-accumulated,C=CCc1ccc(O)c(OC)c1
132,8299,CC(=O)CO,SG-accumulated,CC(=O)CO
133,14079,CC(=O)C1=CC=CN1,SG-accumulated,CC(=O)c1ccc[nH]1
134,10105245,CC1=CC2=C3C(=C(C=C2)O)C(=O)OC3=C1OC,SG-accumulated,COc1c(C)cc2ccc(O)c3c2c1OC3=O
135,5281578,CC[C@H](C)[C@H]1C(=O)N/C=C\C2=CC=C(C=C2)O[C@@H]([C@@H](C(=O)N1)NC(=O)[C@H](CC3=CC=CC=C3)N(C)C)C4=CC=CC=C4,SG-accumulated,CC[C@H](C)[C@@H]1NC(=O)[C@@H](NC(=O)[C@H](Cc2ccccc2)N(C)C)[C@@H](c2ccccc2)Oc2ccc(cc2)/C=C\NC1=O
136,163190248,C/C(=C\CC[C@@](C)(C=C)O)/C(=O)OC(=O)C1=C(C=CC(=C1)O[C@H]2[C@@H]([C@H]([C@@H]([C@H](O2)CO)O)O)O[C@H]3[C@H]([C@@](CO3)(CO)O)O)O,SG-accumulated,C=C[C@@](C)(O)CC/C=C(\C)C(=O)OC(=O)c1cc(O[C@@H]2O[C@H](CO)[C@@H](O)[C@H](O)[C@H]2O[C@@H]2OC[C@@](O)(CO)[C@@H]2O)ccc1O
137,10262028,C[C@@H]1[C@H](C2=C(C(=CC=C2)O)C(=O)O1)O,SG-accumulated,C[C@H]1OC(=O)c2c(O)cccc2[C@@H]1O
138,3083616,COC1=C(C(=C2C(=C1)C=CC(=O)O2)O)OC,SG-accumulated,COc1cc2ccc(=O)oc2c(O)c1OC
139,72751004,CC(C=CC1(C(CC(CC1(C)O)O)(C)C)O)O,SG-accumulated,CC(O)C=CC1(O)C(C)(C)CC(O)CC1(C)O
140,135191,C1[C@H]([C@@H]([C@H](C(O1)O)O)O)O,SG-accumulated,OC1OC[C@@H](O)[C@H](O)[C@H]1O
141,119216,COC1=CC(=CC(=C1O)OC)C=CC=O,SG-accumulated,COc1cc(C=CC=O)cc(OC)c1O
142,10413856,COC1=CC(=C2C(=C1)OC=C(C2=O)C3=CC(=C(C(=C3)O[C@H]4[C@@H]([C@H]([C@@H]([C@H](O4)CO)O)O)O)OC)OC)O,SG-accumulated,COc1cc(O)c2c(=O)c(-c3cc(OC)c(OC)c(O[C@@H]4O[C@H](CO)[C@@H](O)[C@H](O)[C@H]4O)c3)coc2c1
143,518900,COC(=O)CC1=CC=C(C=C1)O,SG-accumulated,COC(=O)Cc1ccc(O)cc1
144,101286273,C[C@@H]1[C@H]([C@@H](C[C@@H](O1)O[C@H]2CC[C@]3([C@@H](C2)CC[C@@H]4[C@@H]3CC[C@]5([C@@]4(CC[C@@H]5C6=CC(=O)OC6)O)C)C)O)O[C@H]7[C@@H]([C@H]([C@@H]([C@H](O7)CO)O)O)O,SG-accumulated,C[C@H]1O[C@@H](O[C@H]2CC[C@@]3(C)[C@H](CC[C@@H]4[C@@H]3CC[C@]3(C)[C@@H](C5=CC(=O)OC5)CC[C@]43O)C2)C[C@@H](O)[C@@H]1O[C@@H]1O[C@H](CO)[C@@H](O)[C@H](O)[C@H]1O
145,328066,CC1=C(C(=O)C2=C(C1=O)C(=CC(=C2C=O)O)C(C)C)OC,SG-accumulated,COC1=C(C)C(=O)c2c(C(C)C)cc(O)c(C=O)c2C1=O
146,10743,COC1=CC(=CC(=C1O)OC)C=CC(=O)O,SG-accumulated,COc1cc(C=CC(=O)O)cc(OC)c1O
147,373912,CC1=C2C(=CC=C1)C=C(C(=O)C2=O)C,SG-accumulated,CC1=Cc2cccc(C)c2C(=O)C1=O
148,632128,COC1=C(C=C(C=C1)C2=C(C(=O)C3=C(O2)C=C(C=C3OC)OC)OC)O,SG-accumulated,COc1cc(OC)c2c(=O)c(OC)c(-c3ccc(OC)c(O)c3)oc2c1
149,162978216,C[C@@]12CC[C@@]3(C(=CC[C@H]4[C@]3(C(=O)C[C@@H]5[C@@]4([C@H](CC(=O)OC5(C)C)O)C)C)[C@@H]1CC([C@@H]([C@H]2O)O)(C)C)C,SG-accumulated,CC1(C)C[C@H]2C3=CC[C@@H]4[C@@]5(C)[C@@H](O)CC(=O)OC(C)(C)[C@@H]5CC(=O)[C@@]4(C)[C@]3(C)CC[C@@]2(C)[C@H](O)[C@H]1O
150,11079623,COC1=CC=C(C=C1)C2=C(C(=O)C3=C(C(=C(C(=C3O2)OC)OC)OC)O)OC,SG-accumulated,COc1ccc(-c2oc3c(OC)c(OC)c(OC)c(O)c3c(=O)c2OC)cc1
151,8417,COC1=C(C=C2C(=C1)C=CC(=O)O2)OC,SG-accumulated,COc1cc2ccc(=O)oc2cc1OC
152,7967,C1CCC(=O)CC1,SG-accumulated,O=C1CCCCC1
153,24982202,COC1=CC(=CC2=C1O[C@@H]([C@H]2CO)C3=CC(=C(C=C3)O)OC)CCCO[C@H]4[C@@H]([C@H]([C@@H]([C@H](O4)CO)O)O)O,SG-accumulated,COc1cc([C@H]2Oc3c(OC)cc(CCCO[C@@H]4O[C@H](CO)[C@@H](O)[C@H](O)[C@H]4O)cc3[C@@H]2CO)ccc1O
154,11277992,C[C@@H]1COC2=C(C(=O)[C@](C3=C(C=CC1=C32)C)(CC(=O)C)O)C,SG-accumulated,CC(=O)C[C@]1(O)C(=O)C(C)=C2OC[C@@H](C)c3ccc(C)c1c32
155,163040205,COC1=C(C2=C(C=C1O)O[C@@H]([C@H](C2)O[C@H]3[C@H]([C@H]([C@H](CO3)O[C@H]4[C@@H]([C@H]([C@H]([C@H](O4)CO)O)O)O)O)O)C5=CC(=C(C=C5)O)O)O,SG-accumulated,COc1c(O)cc2c(c1O)C[C@H](O[C@@H]1OC[C@H](O[C@@H]3O[C@H](CO)[C@H](O)[C@H](O)[C@H]3O)[C@H](O)[C@@H]1O)[C@@H](c1ccc(O)c(O)c1)O2
156,26339717,C[C@H]1[C@@H]([C@H]([C@@H]([C@@H](O1)OC2=C(OC3=CC(=CC(=C3C2=O)O)O)C4=CC(=C(C=C4)O)O)O)O)O,SG-accumulated,C[C@@H]1O[C@@H](Oc2c(-c3ccc(O)c(O)c3)oc3cc(O)cc(O)c3c2=O)[C@@H](O)[C@H](O)[C@H]1O
157,522636,CC12C(C=CC3(C1C(C45C3CCC(C4)(C(=C)C5)O)C(=O)O)OC2=O)O,SG-accumulated,C=C1CC23CC1(O)CCC2C12C=CC(O)C(C)(C(=O)O1)C2C3C(=O)O
158,442101,C1=CC(=O)OC2=CC(=C(C=C21)O)O[C@H]3[C@@H]([C@H]([C@@H]([C@H](O3)CO)O)O)O,SG-accumulated,O=c1ccc2cc(O)c(O[C@@H]3O[C@H](CO)[C@@H](O)[C@H](O)[C@H]3O)cc2o1
159,7302,C1CC(=O)OC1,SG-accumulated,O=C1CCCO1
160,10922890,C[C@H]1CC2=C(C(=CC(=C2C(C)C)O)C)C(=O)[C@@H]1O,SG-accumulated,Cc1cc(O)c(C(C)C)c2c1C(=O)[C@H](O)[C@@H](C)C2
161,1549095,COC1=C(C=CC(=C1)/C=C/CO)O,SG-accumulated,COc1cc(/C=C/CO)ccc1O
162,135,C1=CC(=CC=C1C(=O)O)O,SG-accumulated,O=C(O)c1ccc(O)cc1
163,101114360,COC1=CC(=CC2=C1O[C@H]([C@@H]2COC(=O)/C=C/C3=CC(=C(C=C3)O)OC)C4=CC(=C(C(=C4)OC)O)OC)CCCOC(=O)/C=C/C5=CC(=C(C=C5)O)OC,SG-accumulated,COc1cc(/C=C/C(=O)OCCCc2cc(OC)c3c(c2)[C@@H](COC(=O)/C=C/c2ccc(O)c(OC)c2)[C@H](c2cc(OC)c(O)c(OC)c2)O3)ccc1O
164,10969116,CC1=C(C2=C3C(=C(C=C2C(C)C)OC)C(=O)OC3=C1OC)OC,SG-accumulated,COc1cc(C(C)C)c2c(OC)c(C)c(OC)c3c2c1C(=O)O3
165,5318717,C1=CC(=CC=C1C2=C(C(=O)C3=C(C=C(C=C3O2)O)O)O[C@H]4[C@@H]([C@H]([C@@H](O4)CO)O)O)O,SG-accumulated,O=c1c(O[C@@H]2O[C@@H](CO)[C@H](O)[C@H]2O)c(-c2ccc(O)cc2)oc2cc(O)cc(O)c12
166,101262727,COC1=CC(=CC2=C1O[C@@H]([C@H]2C(=O)NCCC3=CC=C(C=C3)O)C4=CC(=C(C=C4)O)OC)/C=C/C(=O)NCCC5=CC=C(C=C5)O,SG-accumulated,COc1cc([C@H]2Oc3c(OC)cc(/C=C/C(=O)NCCc4ccc(O)cc4)cc3[C@@H]2C(=O)NCCc2ccc(O)cc2)ccc1O
167,125213,COC1=C(C=CC(=C1)C=CC(=O)NCCC2=CC=C(C=C2)O)O,SG-accumulated,COc1cc(C=CC(=O)NCCc2ccc(O)cc2)ccc1O
168,28516,CC1CC2=C(C(=CC=C2)O)C(=O)O1,SG-accumulated,CC1Cc2cccc(O)c2C(=O)O1
169,44578390,COC1=C(C=CC(=C1)[C@@H]2[C@H]3CO[C@@H]([C@H]3C(=O)O2)C4=CC(=C(C=C4)O)OC)O,SG-accumulated,COc1cc([C@H]2OC(=O)[C@H]3[C@@H]2CO[C@@H]3c2ccc(O)c(OC)c2)ccc1O
170,119205,COC1=C(C=CC(=C1)C[C@H]2COC(=O)[C@@H]2CC3=CC(=C(C=C3)O)OC)O,SG-accumulated,COc1cc(C[C@H]2COC(=O)[C@@H]2Cc2ccc(O)c(OC)c2)ccc1O
171,538953,CC1=C(C(CC(C1)O)(C)C)C=CC(=O)C,SG-accumulated,CC(=O)C=CC1=C(C)CC(O)CC1(C)C
172,10472650,COC1=CC(=C2C(=C1)OC=C(C2=O)C3=CC(=C(C(=C3)OC)OC)O)O,SG-accumulated,COc1cc(O)c2c(=O)c(-c3cc(O)c(OC)c(OC)c3)coc2c1
173,85091334,CC1C(C(CC(O1)OC2CCC3(C(C2)CCC4C3C(CC5(C4(CCC5C6=CC(=O)OC6)O)C)O)C)O)OC7C(C(C(C(O7)CO)O)O)O,SG-accumulated,CC1OC(OC2CCC3(C)C(CCC4C3C(O)CC3(C)C(C5=CC(=O)OC5)CCC43O)C2)CC(O)C1OC1OC(CO)C(O)C(O)C1O
174,10748,COC1=CC2=C(C=C1)C=CC(=O)O2,SG-accumulated,COc1ccc2ccc(=O)oc2c1
175,46181828,C1[C@H]([C@H](OC2=C1C(=CC(=C2[C@@H]3[C@H]([C@H](OC4=CC(=CC(=C34)O)O)C5=CC(=C(C=C5)O)O)OC(=O)C6=CC(=C(C(=C6)O)O)O)O)O)C7=CC(=C(C=C7)O)O)O,SG-accumulated,O=C(O[C@@H]1[C@@H](c2c(O)cc(O)c3c2O[C@H](c2ccc(O)c(O)c2)[C@H](O)C3)c2c(O)cc(O)cc2O[C@@H]1c1ccc(O)c(O)c1)c1cc(O)c(O)c(O)c1
176,1548883,COC1=C(C=CC(=C1)/C=C\C(=O)O)O,SG-accumulated,COc1cc(/C=C\C(=O)O)ccc1O
177,5460657,C[C@]1(CCC[C@@]2([C@@H]1[C@@H]([C@]34[C@H]2CC[C@](C3)(C(=C)C4)O)C(=O)O)C(=O)O)C(=O)O,SG-accumulated,C=C1C[C@]23C[C@@]1(O)CC[C@H]2[C@]1(C(=O)O)CCC[C@@](C)(C(=O)O)[C@H]1[C@@H]3C(=O)O
178,5281601,COC1=CC=C(C=C1)C2=CC(=O)C3=C(C=C(C=C3O2)OC)O,SG-accumulated,COc1ccc(-c2cc(=O)c3c(O)cc(OC)cc3o2)cc1
179,100151,COC1=C(C=CC(=C1)C2C(OC3=C4C(=CC(=C3O2)OC)C=CC(=O)O4)CO)O,SG-accumulated,COc1cc(C2Oc3c(OC)cc4ccc(=O)oc4c3OC2CO)ccc1O
180,42608087,COC1=CC2=C(C(=O)CC(O2)C3=CC=C(C=C3)OC4C(C(C(CO4)OC5C(C(C(CO5)O)O)O)O)O)C(=C1)OC,SG-accumulated,COc1cc(OC)c2c(c1)OC(c1ccc(OC3OCC(OC4OCC(O)C(O)C4O)C(O)C3O)cc1)CC2=O
181,181681,COC1=CC(=CC(=C1O)OC)[C@@H]2[C@H]3CO[C@@H]([C@H]3CO2)C4=CC(=C(C=C4)O)OC,SG-accumulated,COc1cc([C@H]2OC[C@H]3[C@@H]2CO[C@@H]3c2cc(OC)c(O)c(OC)c2)ccc1O
182,124222280,CC1C(C(C(C(O1)OC2C(C(OC(C2O)OCCC3=CC(=C(C=C3)OC)O)COC(=O)C=CC4=CC(=C(C=C4)O)OC)O)O)O)O,SG-accumulated,COc1ccc(CCOC2OC(COC(=O)C=Cc3ccc(O)c(OC)c3)C(O)C(OC3OC(C)C(O)C(O)C3O)C2O)cc1O
183,65373,COC1=C(C=CC(=C1)C[C@@H](CO)[C@@H](CC2=CC(=C(C=C2)O)OC)CO)O,SG-accumulated,COc1cc(C[C@@H](CO)[C@H](CO)Cc2ccc(O)c(OC)c2)ccc1O
184,7478,COC1=CC=C(C=C1)C(=O)O,SG-accumulated,COc1ccc(C(=O)O)cc1
185,44631546,C[C@@H]1C[C@@H](C2=C(C(=O)OC3=C2C1=C(C(=C3C)O)O)C)O,SG-accumulated,Cc1c2c3c(c(O)c(O)c(C)c3oc1=O)[C@H](C)C[C@@H]2O
186,5274621,COC1=C(C=CC(=C1)/C=C/C(=O)OCCCC2=CC(=C(C=C2)O[C@@H](COC(=O)/C=C/C3=CC(=C(C=C3)O)OC)[C@H](C4=CC(=C(C=C4)O)OC)O)O)O,SG-accumulated,COc1cc(/C=C/C(=O)OCCCc2ccc(O[C@@H](COC(=O)/C=C/c3ccc(O)c(OC)c3)[C@@H](O)c3ccc(O)c(OC)c3)c(O)c2)ccc1O
187,6274,C1=C(NC=N1)C[C@@H](C(=O)O)N,SG-accumulated,N[C@@H](Cc1cnc[nH]1)C(=O)O
188,12681283,COC1=C(C=CC(=C1)C[C@H](C(=O)O)NC(=O)C2=CC=CC=C2)O,SG-accumulated,COc1cc(C[C@@H](NC(=O)c2ccccc2)C(=O)O)ccc1O
189,162904343,C1=CC=C(C=C1)[C@@H]2[C@@H](C(=O)C3=C(O2)C=C(C=C3O[C@H]4[C@@H]([C@H]([C@@H]([C@H](O4)CO)O[C@H]5[C@@H]([C@H]([C@H]([C@H](O5)CO)O)O)O)O)O)O)O,SG-accumulated,O=C1c2c(O[C@@H]3O[C@H](CO)[C@@H](O[C@@H]4O[C@H](CO)[C@H](O)[C@H](O)[C@H]4O)[C@H](O)[C@H]3O)cc(O)cc2O[C@H](c2ccccc2)[C@@H]1O
190,439514,COC1=C(C=C2C(=C1)C=CC(=O)O2)O[C@H]3[C@@H]([C@H]([C@@H]([C@H](O3)CO)O)O)O,SG-accumulated,COc1cc2ccc(=O)oc2cc1O[C@@H]1O[C@H](CO)[C@@H](O)[C@H](O)[C@H]1O
191,441833,C[C@]12CC[C@H]3C(=CC(=O)[C@]4([C@@]3(C[C@@H]([C@@H](C4)O)O)C)O)[C@@]1(CC[C@@H]2[C@](C)([C@@H](CCC(C)(C)O)O)O)O,SG-accumulated,CC(C)(O)CC[C@@H](O)[C@](C)(O)[C@H]1CC[C@@]2(O)C3=CC(=O)[C@]4(O)C[C@@H](O)[C@@H](O)C[C@]4(C)[C@H]3CC[C@]12C
192,1249,C1C(C(OC2=CC(=CC(=C21)O)O)C3=CC(=C(C(=C3)O)O)O)O,SG-accumulated,Oc1cc(O)c2c(c1)OC(c1cc(O)c(O)c(O)c1)C(O)C2
193,73323377,CC1C(C(C(C(O1)OC2C(C(OC(C2O)OCCC3=CC(=C(C=C3)O)O)COC(=O)C=CC4=CC(=C(C=C4)O)O)O)O)O)O,SG-accumulated,CC1OC(OC2C(O)C(COC(=O)C=Cc3ccc(O)c(O)c3)OC(OCCc3ccc(O)c(O)c3)C2O)C(O)C(O)C1O
194,49831491,COC1=C(C=CC(=C1)CCCOC(=O)/C=C/C2=CC(=C(C=C2)O)OC)O[C@@H](COC(=O)/C=C/C3=CC=C(C=C3)O)[C@H](C4=CC(=C(C=C4)O)OC)O,SG-accumulated,COc1cc(/C=C/C(=O)OCCCc2ccc(O[C@@H](COC(=O)/C=C/c3ccc(O)cc3)[C@@H](O)c3ccc(O)c(OC)c3)c(OC)c2)ccc1O
195,14035324,CC1C(C(C(C(O1)OC2=CC(=C3C(=C2)OC(=C(C3=O)OC4C(C(C(C(O4)CO)O)O)O)C5=CC=C(C=C5)O)O)O)O)O,SG-accumulated,CC1OC(Oc2cc(O)c3c(=O)c(OC4OC(CO)C(O)C(O)C4O)c(-c4ccc(O)cc4)oc3c2)C(O)C(O)C1O
196,439246,C1[C@H](OC2=CC(=CC(=C2C1=O)O)O)C3=CC=C(C=C3)O,SG-accumulated,O=C1C[C@@H](c2ccc(O)cc2)Oc2cc(O)cc(O)c21
197,10252339,C1=CC(=C(C=C1C2=C(C(=O)C3=C(C=C(C=C3O2)O)O)O[C@@H]4[C@@H]([C@H]([C@@H](O4)CO)O)O)O)O,SG-accumulated,O=c1c(O[C@H]2O[C@@H](CO)[C@H](O)[C@H]2O)c(-c2ccc(O)c(O)c2)oc2cc(O)cc(O)c12
198,74978075,CC1C(C(C(C(O1)OC2=CC(=C3C(=C2)OC(=C(C3=O)O)C4=CC=C(C=C4)O)O)O)OC5C(C(C(C(O5)CO)O)O)O)O,SG-accumulated,CC1OC(Oc2cc(O)c3c(=O)c(O)c(-c4ccc(O)cc4)oc3c2)C(O)C(OC2OC(CO)C(O)C(O)C2O)C1O
199,375713,CC1=CC2=C(C(=C(C(=C2C(C)C)OC)O)C=O)C(=C1C3=C(C4=C(C=C3C)C(=C(C(=C4C=O)O)OC)C(C)C)O)O,SG-accumulated,COc1c(O)c(C=O)c2c(O)c(-c3c(C)cc4c(C(C)C)c(OC)c(O)c(C=O)c4c3O)c(C)cc2c1C(C)C
200,31242,CCC1=CC=C(C=C1)O,SG-accumulated,CCc1ccc(O)cc1
201,94225,CC(=O)O[C@H]1CC[C@@]2([C@H]3CC[C@]4([C@@H]5CC(CC[C@@]5(CC=C4[C@@]3(CC[C@H]2C1(C)C)C)C)(C)C)C)C,SG-accumulated,CC(=O)O[C@H]1CC[C@]2(C)[C@H]3CC[C@]4(C)C(=CC[C@@]5(C)CCC(C)(C)C[C@H]54)[C@]3(C)CC[C@H]2C1(C)C
202,636543,COC1=C(C=CC(=C1)/C=C/C(=O)NCCC2=CC=C(C=C2)O)O[C@@H](CO)[C@H](C3=CC(=C(C=C3)O)OC)O,SG-accumulated,COc1cc([C@H](O)[C@H](CO)Oc2ccc(/C=C/C(=O)NCCc3ccc(O)cc3)cc2OC)ccc1O
203,10255859,CC(=O)O[C@H]1CC[C@]2([C@H](C1(C)C)CC[C@@]3([C@@H]2CC=C4[C@]3(CC[C@@]5([C@H]4CC(CC5)(C)C)C(=O)OC)C)C)C,SG-accumulated,COC(=O)[C@]12CCC(C)(C)C[C@H]1C1=CC[C@@H]3[C@@]4(C)CC[C@H](OC(C)=O)C(C)(C)[C@@H]4CC[C@@]3(C)[C@]1(C)CC2
204,10393,C1=CC(=CC=C1CCO)O,SG-accumulated,OCCc1ccc(O)cc1
205,384679,COC1=CC(=CC2=C1O[C@@H]([C@H]2CO)C3=CC(=C(C=C3)O)OC)CCCO,SG-accumulated,COc1cc([C@H]2Oc3c(OC)cc(CCCO)cc3[C@@H]2CO)ccc1O
206,3469,C1=CC(=C(C=C1O)C(=O)O)O,SG-accumulated,O=C(O)c1cc(O)ccc1O
207,6185,C[C@]12CC[C@H]3[C@H]([C@]1(CC[C@@H]2C4=CC(=O)OC4)O)CC[C@]5([C@@]3(CC[C@@H](C5)O)C=O)O,SG-accumulated,C[C@]12CC[C@H]3[C@@H](CC[C@]4(O)C[C@@H](O)CC[C@]34C=O)[C@@]1(O)CC[C@@H]2C1=CC(=O)OC1
208,10371536,C[C@H]1[C@@H]([C@H]([C@H]([C@@H](O1)OC[C@@H]2[C@@H]([C@@H]([C@H]([C@@H](O2)OC3=C(OC4=CC(=CC(=C4C3=O)O)O)C5=CC(=C(C=C5)O)O)O)O)O)O)O)O,SG-accumulated,C[C@@H]1O[C@@H](OC[C@H]2O[C@@H](Oc3c(-c4ccc(O)c(O)c4)oc4cc(O)cc(O)c4c3=O)[C@H](O)[C@@H](O)[C@H]2O)[C@H](O)[C@H](O)[C@H]1O
209,16077448,C[C@@H]1[C@H]([C@@H]([C@@H]([C@@H](O1)O[C@@H]2[C@H](OC3=CC(=CC(=C3C2=O)O)O)C4=CC(=C(C=C4)O)O)O)O)O,SG-accumulated,C[C@H]1O[C@@H](O[C@H]2C(=O)c3c(O)cc(O)cc3O[C@@H]2c2ccc(O)c(O)c2)[C@@H](O)[C@@H](O)[C@@H]1O
210,6057,C1=CC(=CC=C1C[C@@H](C(=O)O)N)O,SG-accumulated,N[C@@H](Cc1ccc(O)cc1)C(=O)O
211,10176654,COC1=C(C=CC(=C1)/C=C\C(=O)OC)O,SG-accumulated,COC(=O)/C=C\c1ccc(O)c(OC)c1
212,5281612,COC1=C(C=C(C=C1)C2=CC(=O)C3=C(C=C(C=C3O2)O)O)O,SG-accumulated,COc1ccc(-c2cc(=O)c3c(O)cc(O)cc3o2)cc1O
213,13988634,C1=CC(=C(C=C1C2=CC(=O)C3=C(O2)C(=C(C=C3O)O)O[C@H]4[C@@H]([C@H]([C@@H]([C@H](O4)CO[C@H]5[C@@H]([C@H]([C@@H]([C@H](O5)CO)O)O)O)O)O)O)O)O,SG-accumulated,O=c1cc(-c2ccc(O)c(O)c2)oc2c(O[C@@H]3O[C@H](CO[C@@H]4O[C@H](CO)[C@@H](O)[C@H](O)[C@H]4O)[C@@H](O)[C@H](O)[C@H]3O)c(O)cc(O)c12
214,5320254,CCCCC/C=C\C/C=C\CCCCCCCC(=O)OCC(CO[C@H]1[C@@H]([C@H]([C@H]([C@H](O1)CO)O)O)O)O,SG-accumulated,CCCCC/C=C\C/C=C\CCCCCCCC(=O)OCC(O)CO[C@@H]1O[C@H](CO)[C@H](O)[C@H](O)[C@H]1O
215,162847751,CC[C@H]1C(=O)N/C=C/C2=CC=C(C=C2)O[C@H]([C@@H](C(=O)N1)NC(=O)[C@@H]([C@@H](C(C)C)O)N(C)C)C(C)C,SG-accumulated,CC[C@@H]1NC(=O)[C@@H](NC(=O)[C@@H]([C@H](O)C(C)C)N(C)C)[C@H](C(C)C)Oc2ccc(cc2)/C=C/NC1=O
216,13245586,COC1=C(C=CC(=C1)C2=C(C(=O)C3=C(C=C(C=C3O2)O)O)OC4C(C(C(C(O4)CO)O)O)O)O,SG-accumulated,COc1cc(-c2oc3cc(O)cc(O)c3c(=O)c2OC2OC(CO)C(O)C(O)C2O)ccc1O
217,163003716,COC1=C(C=C(C=C1)C2=CC(=O)C3=C(O2)C(=C(C=C3O)O)OC(=O)[C@@H]4[C@H]([C@@H]([C@H]([C@@H](O4)O)O)O)O)O,SG-accumulated,COc1ccc(-c2cc(=O)c3c(O)cc(O)c(OC(=O)[C@H]4O[C@@H](O)[C@H](O)[C@@H](O)[C@@H]4O)c3o2)cc1O
218,135542082,CC1=C(C(=O)C2=C(C1=O)C=CC(=C2O)O)OC,SG-accumulated,COC1=C(C)C(=O)c2ccc(O)c(O)c2C1=O
219,5281321,C[C@@]12C[C@H]([C@@H]([C@]1(CC(=O)[C@@]3([C@H]2CC=C4[C@H]3C=C(C(=O)C4(C)C)O)C)C)[C@](C)(C(=O)/C=C/C(C)(C)O)O)O,SG-accumulated,CC(C)(O)/C=C/C(=O)[C@](C)(O)[C@H]1[C@H](O)C[C@@]2(C)[C@@H]3CC=C4[C@@H](C=C(O)C(=O)C4(C)C)[C@]3(C)C(=O)C[C@]12C
220,132966232,CC1=C(C(=O)C2=C(N1)C(=O)CC[C@@H]2CCCCCC3=CC=CC=C3)OC,SG-accumulated,COc1c(C)[nH]c2c(c1=O)[C@@H](CCCCCc1ccccc1)CCC2=O
221,179,CC(C(=O)C)O,SG-accumulated,CC(=O)C(C)O
222,7438,CC1=CCC(CC1O)C(=C)C,SG-accumulated,C=C(C)C1CC=C(C)C(O)C1
223,441644,CCCCCCC[C@H]1CCC(=O)O1,SG-accumulated,CCCCCCC[C@H]1CCC(=O)O1
224,163062115,CC1=C[C@@H]2C3=C(C(=C4C=CC=C(C4=C3)O[C@@H]5[C@H]([C@H]([C@H]([C@H](O5)CO)O)O)O)O)[C@]6(C7=CC=CC=C7C(=O)[C@@]2([C@]6(C1)O)/C=C/C(C)(C)O)O,SG-accumulated,CC1=C[C@@H]2c3cc4c(O[C@H]5O[C@H](CO)[C@H](O)[C@H](O)[C@@H]5O)cccc4c(O)c3[C@@]3(O)c4ccccc4C(=O)[C@]2(/C=C/C(C)(C)O)[C@@]3(O)C1
225,101182983,C[C@H]([C@H]1C[C@@H](C(O1)(C)C)O)[C@H]2[C@H](C[C@@]3([C@@]2(CC[C@]45[C@H]3CC[C@@H]6[C@]4(C5)CC[C@@H](C6(C)C)O[C@H]7[C@@H]([C@H]([C@@H]([C@H](O7)CO)O)O[C@@H]8[C@@H]([C@H]([C@@H]([C@H](O8)CO)O)O)O)O)C)C)O,SG-accumulated,C[C@@H]([C@H]1[C@@H](O)C[C@@]2(C)[C@@H]3CC[C@H]4C(C)(C)[C@@H](O[C@@H]5O[C@H](CO)[C@@H](O)[C@H](O[C@H]6O[C@H](CO)[C@@H](O)[C@H](O)[C@H]6O)[C@H]5O)CC[C@@]45C[C@@]35CC[C@]12C)[C@H]1C[C@H](O)C(C)(C)O1
226,7156991,CC[C@@H](C)C(=O)OCC,SG-accumulated,CCOC(=O)[C@H](C)CC
227,7237,CC1=CC=CC=C1C,SG-accumulated,Cc1ccccc1C
228,13915427,CCCCC1=CC(=C(C(=C1)OC)O)OC,SG-accumulated,CCCCc1cc(OC)c(O)c(OC)c1
229,263,CCCCO,SG-accumulated,CCCCO
230,446066,CCCCCCCCCCCCCCCC(=O)OC[C@H](COP(=O)(O)O)OC(=O)CCCCCCCCCCCCCCC,SG-accumulated,CCCCCCCCCCCCCCCC(=O)OC[C@H](COP(=O)(O)O)OC(=O)CCCCCCCCCCCCCCC
231,92863445,CCCCCCCCCCCCCCCCCCCC(=O)OC[C@@H](CO)O,SG-accumulated,CCCCCCCCCCCCCCCCCCCC(=O)OC[C@H](O)CO
232,12580,CCCC1=CC=C(C=C1)O,SG-accumulated,CCCc1ccc(O)cc1
233,163195778,CC(C)CC(CO)C1=CC=CCC1,SG-accumulated,CC(C)CC(CO)C1=CC=CCC1
234,2682,CCCCCCCCCCCCCCCCO,SG-accumulated,CCCCCCCCCCCCCCCCO
235,13918554,CC1=C(C(=O)C(=CC1=O)OC)O,SG-accumulated,COC1=CC(=O)C(C)=C(O)C1=O
236,441765,COC1=CC(=CC(=C1O)OC)C2=C(C=C3C(=CC(=CC3=[O+]2)O)O[C@H]4[C@@H]([C@H]([C@@H]([C@H](O4)CO)O)O)O)O[C@H]5[C@@H]([C@H]([C@@H]([C@H](O5)CO)O)O)O,SG-accumulated,COc1cc(-c2[o+]c3cc(O)cc(O[C@@H]4O[C@H](CO)[C@@H](O)[C@H](O)[C@H]4O)c3cc2O[C@@H]2O[C@H](CO)[C@@H](O)[C@H](O)[C@H]2O)cc(OC)c1O
237,1174,C1=CNC(=O)NC1=O,SG-accumulated,O=c1cc[nH]c(=O)[nH]1
238,35698,C#CCCCCCCC(=O)O,SG-accumulated,C#CCCCCCCC(=O)O
239,1140,CC1=CC=CC=C1,SG-accumulated,Cc1ccccc1
240,71403936,CCCCCCCCCCCCCCCC(=C(C(=O)O)O)O,SG-accumulated,CCCCCCCCCCCCCCCC(O)=C(O)C(=O)O
241,525578,CC(C)C1CCC=CC1,SG-accumulated,CC(C)C1CC=CCC1
242,3015413,CC(=CCCC(C)(C=C)O)C(=O)O,SG-accumulated,C=CC(C)(O)CCC=C(C)C(=O)O
243,156741,CC1=CC2=C(C(=C(C(=C2C(C)C)O)O)C=O)C(=C1OC)O,SG-accumulated,COc1c(C)cc2c(C(C)C)c(O)c(O)c(C=O)c2c1O
244,100914108,C[C@H]([C@H]1C[C@@H](C(O1)(C)C)OC(=O)C)[C@H]2[C@H](C[C@@]3([C@@]2(CC[C@]45[C@H]3CC[C@@H]6[C@]4(C5)CC[C@@H](C6(C)C)O[C@H]7[C@@H]([C@H]([C@@H]([C@H](O7)CO)O)O)O)C)C)O,SG-accumulated,CC(=O)O[C@H]1C[C@H]([C@@H](C)[C@H]2[C@@H](O)C[C@@]3(C)[C@@H]4CC[C@H]5C(C)(C)[C@@H](O[C@@H]6O[C@H](CO)[C@@H](O)[C@H](O)[C@H]6O)CC[C@@]56C[C@@]46CC[C@]23C)OC1(C)C
245,54005211,C(CCCC=CCC(=O)O)CCCC(=O)O,SG-accumulated,O=C(O)CC=CCCCCCCCC(=O)O
246,100955863,COC1=C(C=CC(=C1)[C@@H](CO)C(=O)OC)O,SG-accumulated,COC(=O)[C@H](CO)c1ccc(O)c(OC)c1
247,22238,CC=CCS,SG-accumulated,CC=CCS
248,162844792,C[C@H]1C(=O)CC[C@@H]2[C@@]1(CC[C@@H]3[C@]2(CC[C@]4([C@]3(CC[C@@H]4[C@H](C)CC[C@H](C(=C)C)O)C)C)C)C,SG-accumulated,C=C(C)[C@H](O)CC[C@@H](C)[C@H]1CC[C@@]2(C)[C@@H]3CC[C@@]4(C)[C@@H](CCC(=O)[C@@H]4C)[C@]3(C)CC[C@]12C
249,21742,CC1=C2C(=C(C=C1)C(C)C)C=C(C(=O)C2=O)C,SG-accumulated,CC1=Cc2c(C(C)C)ccc(C)c2C(=O)C1=O
250,5204,C1C2C(COC2C3=CC4=C(C=C3)OCO4)C(O1)C5=CC6=C(C=C5)OCO6,SR-accumulated,c1cc2c(cc1C1OCC3C(c4ccc5c(c4)OCO5)OCC13)OCO2
251,442849,CC1=C(C=C2C(=C1OC)CNC2=O)O,SR-accumulated,COc1c(C)c(O)cc2c1CNC2=O
252,21120946,CC(=C)[C@@H]1CC[C@]2([C@H]1[C@H]3CC[C@@H]4[C@]5(CC[C@@H](C([C@@H]5CC[C@]4([C@@]3(CC2)COC(=O)C6=CC=CC=C6)C)(C)C)OC(=O)C)C)C(=O)OC,SR-accumulated,C=C(C)[C@@H]1CC[C@]2(C(=O)OC)CC[C@]3(COC(=O)c4ccccc4)[C@H](CC[C@@H]4[C@@]5(C)CC[C@H](OC(C)=O)C(C)(C)[C@@H]5CC[C@]43C)[C@@H]12
253,1054,CC1=NC=C(C(=C1O)CO)CO,SR-accumulated,Cc1ncc(CO)c(CO)c1O
254,162912427,C[C@H]1[C@@H]([C@H]([C@H]([C@@H](O1)O[C@@H]2[C@H]([C@@H]([C@H](O[C@H]2OC3=C(C=C(C=C3)[C@@H]4[C@@H]5CO[C@@H]([C@@H]5CO4)C6=CC(=C(C=C6)O)OC)OC)CO)O)O)O)O)O,SR-accumulated,COc1cc([C@H]2OC[C@@H]3[C@H]2CO[C@@H]3c2ccc(O[C@@H]3O[C@H](CO)[C@@H](O)[C@H](O)[C@H]3O[C@@H]3O[C@@H](C)[C@H](O)[C@@H](O)[C@H]3O)c(OC)c2)ccc1O
255,162962930,CC1=C2C3=C(C4=C(C=C3C(O2)(C)C)OC=C[C@]4(C)O)C(=O)C1=O,SR-accumulated,CC1=C2OC(C)(C)c3cc4c(c(c32)C(=O)C1=O)[C@@](C)(O)C=CO4
256,12303930,C[C@@H]1[C@@H]([C@H](C[C@@H](O1)O[C@H]2CC[C@@]3([C@H]4CC[C@@]5([C@H](CC[C@@]5([C@@H]4CC[C@@]3(C2)O)O)C6=CC(=O)OC6)C)C=O)O)O,SR-accumulated,C[C@H]1O[C@@H](O[C@H]2CC[C@]3(C=O)[C@H]4CC[C@]5(C)[C@@H](C6=CC(=O)OC6)CC[C@]5(O)[C@@H]4CC[C@]3(O)C2)C[C@H](O)[C@H]1O
257,162969771,C[C@]1(CC[C@H](O1)C(C)(C)O[C@H]2[C@@H]([C@H]([C@@H]([C@H](O2)CO)O)O)O)[C@@H]3CC[C@@]4([C@@H]3[C@@H](C[C@H]5[C@]4(CC[C@@H]6[C@@]5(CC[C@@H](C6(C)C)O)C)C)O)CO[C@@H]7[C@H]([C@@H]([C@H]([C@@H](O7)CO)O)O)O,SR-accumulated,CC(C)(O[C@@H]1O[C@H](CO)[C@@H](O)[C@H](O)[C@H]1O)[C@@H]1CC[C@@](C)([C@@H]2CC[C@]3(CO[C@H]4O[C@@H](CO)[C@H](O)[C@@H](O)[C@@H]4O)[C@@H]2[C@H](O)C[C@@H]2[C@@]4(C)CC[C@H](O)C(C)(C)[C@@H]4CC[C@]23C)O1
258,162961650,C[C@@H]1[C@H]([C@@H](C[C@@H](O1)O[C@@H]2CC[C@@]3([C@H]4CC[C@@]5([C@H](CC[C@]5([C@@H]4CCC3=C2)O)C6=CC(=O)OC6)C)C)O)O,SR-accumulated,C[C@H]1O[C@@H](O[C@H]2C=C3CC[C@@H]4[C@H](CC[C@]5(C)[C@@H](C6=CC(=O)OC6)CC[C@@]45O)[C@@]3(C)CC2)C[C@@H](O)[C@@H]1O
259,16093748,CC(=O)OC(C)(C)/C=C/C(=O)[C@@](C)([C@H]1[C@@H](C[C@@]2([C@@]1(CC(=O)[C@@]3([C@H]2CC=C4[C@H]3C[C@@H](C(=O)C4(C)C)OS(=O)(=O)O)C)C)C)O)O,SR-accumulated,CC(=O)OC(C)(C)/C=C/C(=O)[C@](C)(O)[C@H]1[C@H](O)C[C@@]2(C)[C@@H]3CC=C4[C@@H](C[C@H](OS(=O)(=O)O)C(=O)C4(C)C)[C@]3(C)C(=O)C[C@]12C
260,57006309,CCCC(CC=CC)O,SR-accumulated,CC=CCC(O)CCC
261,7146,CC(C=O)C1=CC=CC=C1,SR-accumulated,CC(C=O)c1ccccc1
262,444899,CCCCC/C=C\C/C=C\C/C=C\C/C=C\CCCC(=O)O,SR-accumulated,CCCCC/C=C\C/C=C\C/C=C\C/C=C\CCCC(=O)O
263,10416,CCCCCCCCC1=C(C1)CCCCCCC(=O)O,SR-accumulated,CCCCCCCCC1=C(CCCCCCC(=O)O)C1
264,112720,CC(=O)OCCN,SR-accumulated,CC(=O)OCCN
265,163189932,CCCCCCCCC(=C)C(=O)CCCCCCCC(=O)O,SR-accumulated,C=C(CCCCCCCC)C(=O)CCCCCCCC(=O)O
266,6734,C1CC2=CC=CC3=C2C1=CC=C3,SR-accumulated,c1cc2c3c(cccc3c1)CC2
267,3084463,CCCCCCCCCCCCCCCC(=O)OC[C@H](CO)O,SR-accumulated,CCCCCCCCCCCCCCCC(=O)OC[C@@H](O)CO
268,5280934,CC/C=C\C/C=C\C/C=C\CCCCCCCC(=O)O,SR-accumulated,CC/C=C\C/C=C\C/C=C\CCCCCCCC(=O)O
269,136085678,CC1=NCCC2=C1NC3=C2C=C(C=C3)O,SR-accumulated,CC1=NCCc2c1[nH]c1ccc(O)cc21
270,8215,CCCCCCCCCCCCCCCCCCCCCC(=O)O,SR-accumulated,CCCCCCCCCCCCCCCCCCCCCC(=O)O
271,9561835,CCCCCCCCC(CCCCCCCCC(=O)O)O,SR-accumulated,CCCCCCCCC(O)CCCCCCCCC(=O)O
272,16441,CC(=C)C1CCC(=CC1)C=O,SR-accumulated,C=C(C)C1CC=C(C=O)CC1
273,14091,CCCC1=CC=CC=C1C,SR-accumulated,CCCc1ccccc1C
274,134781708,C/C(=C\C=C\C=C(\C=C\C=C(\C1O[C@]2(C(=C1)C(C[C@@H](C2)O)(C)C)C)/C)/C)/C=C/C=C(/C3O[C@]4(C(=C3)C(C[C@@H](C4)O)(C)C)C)\C,SR-accumulated,CC(/C=C/C=C(\C)C1C=C2C(C)(C)C[C@H](O)C[C@@]2(C)O1)=C\C=C\C=C(C)\C=C\C=C(/C)C1C=C2C(C)(C)C[C@H](O)C[C@@]2(C)O1
275,15645217,CCC1=C(C=CC2=CC=CC=C21)C,SR-accumulated,CCc1c(C)ccc2ccccc12
0,11060391,C[C@]12CC[C@H]3C(=CC(=O)[C@H]4[C@@]3(C[C@@H]([C@@H](C4)O)O)C)[C@@]1(CC[C@@H]2[C@@]5([C@H](OC(O5)(C)C)CCC(C)(C)O)C)O,SH-accumulated,CC(C)(O)CC[C@H]1OC(C)(C)O[C@]1(C)[C@H]1CC[C@@]2(O)C3=CC(=O)[C@@H]4C[C@@H](O)[C@@H](O)C[C@]4(C)[C@H]3CC[C@]12C
1,338,C1=CC=C(C(=C1)C(=O)O)O,SH-accumulated,O=C(O)c1ccccc1O
2,439944,C([C@H]([C@H]([C@](CO)(C(=O)O)O)O)O)O,SH-accumulated,O=C(O)[C@@](O)(CO)[C@H](O)[C@H](O)CO
3,45273405,C[C@H](CC(=O)C=C(C)C)[C@H]1CC[C@@]2([C@@]1(CC[C@]34[C@H]2CC[C@@H]5[C@]3(C4)[C@H](C[C@@H]([C@@]5(C)C(=O)O)O)O)C)C,SH-accumulated,CC(C)=CC(=O)C[C@@H](C)[C@H]1CC[C@@]2(C)[C@@H]3CC[C@H]4[C@](C)(C(=O)O)[C@@H](O)C[C@H](O)[C@@]45C[C@@]35CC[C@]12C
4,12313704,C[C@]12CCC(=O)C([C@@H]1CC[C@@]3([C@@H]2CC=C4[C@]3(CC[C@@]5([C@H]4CC(CC5)(C)C)C(=O)O)C)C)(C)C,SH-accumulated,CC1(C)CC[C@]2(C(=O)O)CC[C@]3(C)C(=CC[C@@H]4[C@@]5(C)CCC(=O)C(C)(C)[C@@H]5CC[C@]43C)[C@@H]2C1
5,5491693,C1=CC(=CC=C1C2=C(C(=O)C3=C(C=C(C=C3O2)O)O)O)O[C@H]4[C@@H]([C@H]([C@@H]([C@H](O4)CO)O)O)O,SH-accumulated,O=c1c(O)c(-c2ccc(O[C@@H]3O[C@H](CO)[C@@H](O)[C@H](O)[C@H]3O)cc2)oc2cc(O)cc(O)c12
6,133551,CC(=C)[C@@H]1CC[C@]2([C@H]1[C@H]3CC[C@@H]4[C@]5(CC[C@@H](C([C@@H]5CC[C@]4([C@@]3(CC2)C)C)(C)C)OC(=O)C=CC6=CC(=C(C=C6)O)O)C)C(=O)O,SH-accumulated,C=C(C)[C@@H]1CC[C@]2(C(=O)O)CC[C@]3(C)[C@H](CC[C@@H]4[C@@]5(C)CC[C@H](OC(=O)C=Cc6ccc(O)c(O)c6)C(C)(C)[C@@H]5CC[C@]43C)[C@@H]12
7,25021697,C(=O)[C@@H]([C@@H]([C@@H]([C@H](C(=O)O)O)O)O)O,SH-accumulated,O=C[C@H](O)[C@H](O)[C@H](O)[C@@H](O)C(=O)O
8,100967916,C[C@]12CC[C@@H](C([C@@H]1CC[C@@]3([C@@H]2CC=C4[C@]3(CC[C@@]5([C@H]4CC(CC5)(C)C)C(=O)O)COC(=O)/C=C\C6=CC(=C(C=C6)O)OC)C)(C)C)O,SH-accumulated,COc1cc(/C=C\C(=O)OC[C@@]23CC[C@@]4(C(=O)O)CCC(C)(C)C[C@H]4C2=CC[C@@H]2[C@@]4(C)CC[C@H](O)C(C)(C)[C@@H]4CC[C@]23C)ccc1O
9,90657201,COC1=CC=C(C=C1)C2=C(C(=O)C3=C(C=C(C=C3O2)O[C@H]4[C@@H]([C@H]([C@@H]([C@H](O4)CO)O)O)O)O)O,SH-accumulated,COc1ccc(-c2oc3cc(O[C@@H]4O[C@H](CO)[C@@H](O)[C@H](O)[C@H]4O)cc(O)c3c(=O)c2O)cc1
10,162999405,CC(=O)C1=CC2=C(C(=C1)OC)OC(C2CO)C3=CC(=C(C=C3)OC4C(C(C(C(O4)CO)O)O)O)OC,SH-accumulated,COc1cc(C2Oc3c(OC)cc(C(C)=O)cc3C2CO)ccc1OC1OC(CO)C(O)C(O)C1O
11,10023166,C[C@@H](/C=C/[C@]12[C@](O1)(C[C@H](CC2(C)C)O[C@H]3[C@@H]([C@H]([C@@H]([C@H](O3)CO)O)O)O)C)O,SH-accumulated,C[C@H](O)/C=C/[C@@]12O[C@]1(C)C[C@@H](O[C@@H]1O[C@H](CO)[C@@H](O)[C@H](O)[C@H]1O)CC2(C)C
12,123908,C(C(=O)O)C(C(C(=O)O)O)(C(=O)O)O,SH-accumulated,O=C(O)CC(O)(C(=O)O)C(O)C(=O)O
13,10603919,C[C@]12CC[C@@H]([C@@]([C@@H]1CC[C@@]3([C@@H]2CC=C4[C@]3(CC[C@@]5([C@H]4CC(CC5)(C)C)CO)C)C)(C)COC(=O)/C=C/C6=CC(=C(C=C6)O)O)O,SH-accumulated,CC1(C)CC[C@]2(CO)CC[C@]3(C)C(=CC[C@@H]4[C@@]5(C)CC[C@H](O)[C@@](C)(COC(=O)/C=C/c6ccc(O)c(O)c6)[C@@H]5CC[C@]43C)[C@@H]2C1
14,286498,CC1CCC2(CCC3(C(=CCC4C3(CCC5C4(CC(C(C5(C)C(=O)O)O)O)C)C)C2C1(C)O)C)C(=O)O,SH-accumulated,CC1CCC2(C(=O)O)CCC3(C)C(=CCC4C5(C)CC(O)C(O)C(C)(C(=O)O)C5CCC43C)C2C1(C)O
15,5274626,C[C@]12CC[C@@H](C(C1CC[C@@]3(C2CC=C4[C@]3(CC[C@@]5([C@H]4CC(CC5)(C)C)C(=O)O)C(=O)/C=C/C6=CC(=C(C=C6)O)O)C)(C)C)O,SH-accumulated,CC1(C)CC[C@]2(C(=O)O)CC[C@]3(C(=O)/C=C/c4ccc(O)c(O)c4)C(=CCC4[C@@]5(C)CC[C@H](O)C(C)(C)C5CC[C@]43C)[C@@H]2C1
16,15767724,C[C@]12CC[C@@H](C([C@@H]1CC[C@@]3([C@@H]2CC=C4[C@]3(CC[C@@]5([C@H]4CC(CC5)(C)C)C(=O)O)COC(=O)/C=C/C6=CC(=C(C=C6)O)O)C)(C)C)O,SH-accumulated,CC1(C)CC[C@]2(C(=O)O)CC[C@]3(COC(=O)/C=C/c4ccc(O)c(O)c4)C(=CC[C@@H]4[C@@]5(C)CC[C@H](O)C(C)(C)[C@@H]5CC[C@]43C)[C@@H]2C1
17,5281119,CCCC/C=C\CCCCCCCC(=O)O,SH-accumulated,CCCC/C=C\CCCCCCCC(=O)O
18,163106470,C1=CC(=C(C=C1C2=C(C(=O)C3=C(O2)C(=C(C=C3O)O)O)O[C@H]4[C@H]([C@H]([C@@H]([C@H](O4)C(=O)O)O)O)O)O)O,SH-accumulated,O=C(O)[C@H]1O[C@@H](Oc2c(-c3ccc(O)c(O)c3)oc3c(O)c(O)cc(O)c3c2=O)[C@@H](O)[C@@H](O)[C@@H]1O
19,163189360,CC(C)C[C@@H]1C(=O)N/C=C\C2=CC=C(C=C2)O[C@H]([C@H](C(=O)N1)NC(=O)[C@H](C(C)C)N(C)C)C3=CC=CC=C3,SH-accumulated,CC(C)C[C@H]1NC(=O)[C@H](NC(=O)[C@H](C(C)C)N(C)C)[C@H](c2ccccc2)Oc2ccc(cc2)/C=C\NC1=O
20,9930500,COC(=O)[C@]1(CC(=O)O[C@@H]1C(=O)O)O,SH-accumulated,COC(=O)[C@@]1(O)CC(=O)O[C@@H]1C(=O)O
21,14887607,COC1=C(C=C(C=C1)C2=CC(=O)C3=C(O2)C(=C(C=C3O)O)O[C@H]4[C@@H]([C@H]([C@@H]([C@H](O4)C(=O)O)O)O)O)O,SH-accumulated,COc1ccc(-c2cc(=O)c3c(O)cc(O)c(O[C@@H]4O[C@H](C(=O)O)[C@@H](O)[C@H](O)[C@H]4O)c3o2)cc1O
22,5490334,C1=CC(=C(C=C1C2=C(C(=O)C3=C(O2)C(=C(C=C3O)O)O[C@H]4[C@@H]([C@H]([C@@H]([C@H](O4)C(=O)O)O)O)O)O)O)O,SH-accumulated,O=C(O)[C@H]1O[C@@H](Oc2c(O)cc(O)c3c(=O)c(O)c(-c4ccc(O)c(O)c4)oc23)[C@H](O)[C@@H](O)[C@@H]1O
23,14055737,C[C@@H]1CC[C@@]2(CC[C@@]3(C(=CC[C@H]4[C@]3(CC[C@@H]5[C@@]4(C[C@H]([C@@H]([C@]5(C)CO)O)O)C)C)[C@@H]2[C@]1(C)O)C)C(=O)O,SH-accumulated,C[C@@H]1CC[C@]2(C(=O)O)CC[C@]3(C)C(=CC[C@@H]4[C@@]5(C)C[C@@H](O)[C@H](O)[C@](C)(CO)[C@@H]5CC[C@]43C)[C@@H]2[C@]1(C)O
24,73207,COC1=C(C(=C2C(=C1O)C(=O)C=C(O2)C3=CC=C(C=C3)O)OC)OC,SH-accumulated,COc1c(OC)c(O)c2c(=O)cc(-c3ccc(O)cc3)oc2c1OC
25,638014,CC1=C(C(CCC1)(C)C)/C=C/C(=O)C,SH-accumulated,CC(=O)/C=C/C1=C(C)CCCC1(C)C
26,22236717,CCC(C)C1=C(C(=CC=C1)O)C(C)CC,SH-accumulated,CCC(C)c1cccc(O)c1C(C)CC
27,15559735,C1=C(C=C(C(=C1O)O)O)C2=C(C(=O)C3=C(O2)C(=C(C=C3O)O)O)O,SH-accumulated,O=c1c(O)c(-c2cc(O)c(O)c(O)c2)oc2c(O)c(O)cc(O)c12
28,5487855,COC1=C(C=C(C=C1)C2=C(C(=O)C3=C(C=C(C=C3O2)O)O)O)OC,SH-accumulated,COc1ccc(-c2oc3cc(O)cc(O)c3c(=O)c2O)cc1OC
29,6436348,C/C/1=C\CC(=C(C)C)C(=O)C/C(=C/CC1)/C,SH-accumulated,CC(C)=C1C/C=C(\C)CC/C=C(\C)CC1=O
30,5319474,COC1=C2C(=C3C(=C1)C=CC(=O)O3)OCO2,SH-accumulated,COc1cc2ccc(=O)oc2c2c1OCO2
31,163020497,C1=C(C=C(C(=C1O)O)O)C2=C(C(=O)C3=C(O2)C(=C(C=C3O)O)O)O[C@H]4[C@@H]([C@@H]([C@@H]([C@H](O4)CO)O)O)O,SH-accumulated,O=c1c(O[C@@H]2O[C@H](CO)[C@@H](O)[C@@H](O)[C@H]2O)c(-c2cc(O)c(O)c(O)c2)oc2c(O)c(O)cc(O)c12
32,44178847,CC1=C[C@@]2(C[C@@H]([C@H](O2)OC)[C@H]3CC[C@@]4([C@@]3(CC[C@]56[C@H]4CC[C@@H]7[C@]5(C6)C=CC(=O)C7(C)C)C)C)OC1=O,SH-accumulated,CO[C@H]1O[C@]2(C=C(C)C(=O)O2)C[C@@H]1[C@H]1CC[C@@]2(C)[C@@H]3CC[C@H]4C(C)(C)C(=O)C=C[C@@]45C[C@@]35CC[C@]12C
33,162887874,C1=CC(=C(C=C1[C@H]2[C@H](C(=O)C3=C(C=C(C=C3O2)O)O)O[C@H]4[C@@H]([C@H]([C@H](O4)[C@@H](CO)O)O)O)O)O,SH-accumulated,O=C1c2c(O)cc(O)cc2O[C@@H](c2ccc(O)c(O)c2)[C@H]1O[C@@H]1O[C@H]([C@H](O)CO)[C@H](O)[C@H]1O
34,65064,C1[C@H]([C@H](OC2=CC(=CC(=C21)O)O)C3=CC(=C(C(=C3)O)O)O)OC(=O)C4=CC(=C(C(=C4)O)O)O,SH-accumulated,O=C(O[C@@H]1Cc2c(O)cc(O)cc2O[C@@H]1c1cc(O)c(O)c(O)c1)c1cc(O)c(O)c(O)c1
35,44566911,COC(=O)[C@@H]1[C@H]([C@@H]([C@H]([C@@H](O1)OC2=C(C=C(C3=C2OC(=CC3=O)C4=CC=C(C=C4)O)O)O)O)O)O,SH-accumulated,COC(=O)[C@H]1O[C@@H](Oc2c(O)cc(O)c3c(=O)cc(-c4ccc(O)cc4)oc23)[C@H](O)[C@@H](O)[C@@H]1O
36,73193,C[C@@H]1CC[C@@]2(CC[C@@]3(C(=CC[C@H]4[C@]3(CC[C@@H]5[C@@]4(C[C@H]([C@@H](C5(C)C)O)O)C)C)[C@@H]2[C@]1(C)O)C)C(=O)O,SH-accumulated,C[C@@H]1CC[C@]2(C(=O)O)CC[C@]3(C)C(=CC[C@@H]4[C@@]5(C)C[C@@H](O)[C@H](O)C(C)(C)[C@@H]5CC[C@]43C)[C@@H]2[C@]1(C)O
37,5281702,COC1=CC(=CC(=C1O)OC)C2=CC(=O)C3=C(C=C(C=C3O2)O)O,SH-accumulated,COc1cc(-c2cc(=O)c3c(O)cc(O)cc3o2)cc(OC)c1O
38,5281676,COC1=CC(=C2C(=C1)OC(=C(C2=O)OC)C3=CC(=C(C=C3O)OC)O)O,SH-accumulated,COc1cc(O)c2c(=O)c(OC)c(-c3cc(O)c(OC)cc3O)oc2c1
39,44260032,C1=CC(=C(C=C1C2=C(C(=O)C3=C(O2)C(=C(C=C3O)O)O)OS(=O)(=O)O)O)O,SH-accumulated,O=c1c(OS(=O)(=O)O)c(-c2ccc(O)c(O)c2)oc2c(O)c(O)cc(O)c12
40,1742210,C[C@@]12CC[C@@H]3[C@H](CC3(C)C)C(=C)CC[C@H]1O2,SH-accumulated,C=C1CC[C@H]2O[C@]2(C)CC[C@@H]2[C@@H]1CC2(C)C
41,1203,C1C(C(OC2=CC(=CC(=C21)O)O)C3=CC(=C(C=C3)O)O)O,SH-accumulated,Oc1cc(O)c2c(c1)OC(c1ccc(O)c(O)c1)C(O)C2
42,101607227,C[C@@H]1[C@H]2C3=CC[C@H]4[C@]([C@@]3(CC[C@]2(CC=C1C)C(=O)O)C)(CC[C@@H]5[C@@]4(C[C@H]([C@@H]([C@]5(C)C(=O)O)O)O)C)C,SH-accumulated,CC1=CC[C@]2(C(=O)O)CC[C@]3(C)C(=CC[C@@H]4[C@@]5(C)C[C@@H](O)[C@H](O)[C@](C)(C(=O)O)[C@@H]5CC[C@]43C)[C@@H]2[C@H]1C
43,162957786,C[C@]12CC[C@@H]([C@@]([C@@H]1CC[C@@]3([C@@H]2C=C[C@@]45[C@]3(C[C@@H]([C@@]6([C@@H]4CC(CC6)(C)C)CO5)O)C)C)(C)CO)O[C@H]7[C@@H]([C@H]([C@H]([C@H](O7)CO)O)O)O,SH-accumulated,CC1(C)CC[C@]23CO[C@@]4(C=C[C@@H]5[C@@]6(C)CC[C@H](O[C@@H]7O[C@H](CO)[C@H](O)[C@H](O)[C@H]7O)[C@@](C)(CO)[C@@H]6CC[C@@]5(C)[C@]4(C)C[C@@H]2O)[C@H]3C1
44,19309,CC1C(=O)C(=C(O1)C)O,SH-accumulated,CC1=C(O)C(=O)C(C)O1
45,62465,CCC1=CC(=C(C=C1)O)OC,SH-accumulated,CCc1ccc(O)c(OC)c1
46,24796850,C[C@@]12CC[C@H]([C@]([C@H]1C=CC3=C4CC(C[C@H]([C@@]4(C[C@@H]([C@@]23C)O)C)O)(C)C)(C)CCC(=O)O)[C@](C)(CO)O,SH-accumulated,CC1(C)CC2=C3C=C[C@@H]4[C@@](C)(CCC(=O)O)[C@H]([C@@](C)(O)CO)CC[C@@]4(C)[C@]3(C)[C@@H](O)C[C@@]2(C)[C@H](O)C1
47,101248984,C/C(=C/CC[C@@](C)([C@@H]1[C@H]2CC[C@@H]3[C@]4(CC[C@@H](C([C@@H]4[C@H](C[C@]3([C@@]2(C[C@H]1O)C)C)O)(C)C)O)C)O)/CO,SH-accumulated,C/C(=C/CC[C@](C)(O)[C@H]1[C@H](O)C[C@]2(C)[C@@H]1CC[C@@H]1[C@@]3(C)CC[C@H](O)C(C)(C)[C@@H]3[C@@H](O)C[C@]12C)CO
48,11167374,CC1(CCC2(CCC3(C(=CCC4C3(CCC5C4(CCC(C5(C)C)O)C)C)C2C1)CO)C(=O)O)C,SH-accumulated,CC1(C)CCC2(C(=O)O)CCC3(CO)C(=CCC4C5(C)CCC(O)C(C)(C)C5CCC43C)C2C1
49,2371,CC(=C)C1CCC2(C1C3CCC4C5(CCC(C(C5CCC4(C3(CC2)C)C)(C)C)O)C)C(=O)O,SH-accumulated,C=C(C)C1CCC2(C(=O)O)CCC3(C)C(CCC4C5(C)CCC(O)C(C)(C)C5CCC43C)C12
50,10494,C[C@]12CC[C@@H](C([C@@H]1CC[C@@]3([C@@H]2CC=C4[C@]3(CC[C@@]5([C@H]4CC(CC5)(C)C)C(=O)O)C)C)(C)C)O,SH-accumulated,CC1(C)CC[C@]2(C(=O)O)CC[C@]3(C)C(=CC[C@@H]4[C@@]5(C)CC[C@H](O)C(C)(C)[C@@H]5CC[C@]43C)[C@@H]2C1
51,107876,C1C(C(OC2=CC(=CC(=C21)O)O)C3=CC(=C(C=C3)O)O)OC4(C(C(C5=C(C=C(C=C5O4)O)O)O)O)C6=CC(=C(C=C6)O)O,SH-accumulated,Oc1cc(O)c2c(c1)OC(c1ccc(O)c(O)c1)C(OC1(c3ccc(O)c(O)c3)Oc3cc(O)cc(O)c3C(O)C1O)C2
52,19844,COC1=C(C=CC(=C1)C(=O)OC)O,SH-accumulated,COC(=O)c1ccc(O)c(OC)c1
53,14707301,CC(=C)[C@@H]1CC[C@]2([C@H]1[C@H]3CC[C@@H]4[C@]5(CC[C@@H](C([C@@H]5CC[C@]4([C@@]3(CC2)CO)C)(C)C)O)C)C(=O)O,SH-accumulated,C=C(C)[C@@H]1CC[C@]2(C(=O)O)CC[C@]3(CO)[C@H](CC[C@@H]4[C@@]5(C)CC[C@H](O)C(C)(C)[C@@H]5CC[C@]43C)[C@@H]12
